CustomerID,frequency,recency,T,monetary_value,predicted_purchases_6m,predicted_avg_value,predicted_LTV_6m,Gender,Location,Tenure_Months,Marketing_Spend,ROI_pct,ROI_ratio,Coupon_Count,Coupon_Usage_Quartile
12347,0.0,0.0,169.0,0.0,0.4188710451304406,1389.001198587492,581.8123837397774,M,New York,20,3881.8710000000005,-85.01206290111708,0.14987937098882917,12,Q4
12348,0.0,0.0,79.0,0.0,0.6449006757498477,1389.001198587492,895.7678115864219,M,California,39,299.618,198.96995894319497,2.98969958943195,10,Q4
12359,0.0,0.0,17.0,0.0,1.0423610498064495,1389.001198587492,1447.8407475420747,M,New York,41,120.362,1102.905192288326,12.029051922883259,3,Q1
12370,1.0,30.0,106.0,691.79,0.7556175398503928,1263.4393439650887,954.6769288370946,F,New York,21,1442.394,-33.81302689576533,0.6618697310423467,12,Q4
12377,0.0,0.0,66.0,0.0,0.7001665020122176,1389.001198587492,972.5321105057818,F,California,27,1629.616,-40.32139408880486,0.5967860591119514,11,Q4
12383,2.0,42.0,58.0,1326.29,2.3820702755549674,1369.8607214668086,3263.104506256367,M,New York,32,555.723,487.18183452122145,5.871818345212215,15,Q4
12386,1.0,123.0,166.0,57.94,0.7459961406363705,1149.2883066414634,857.3646412330412,M,California,38,165.379,418.4241295648427,5.184241295648428,5,Q2
12388,0.0,0.0,1.0,0.0,1.2471835961273716,1389.001198587492,1732.3395098795777,M,Chicago,31,210.666,722.3156607518906,8.223156607518906,7,Q3
12393,1.0,14.0,23.0,483.92,1.7994912663792957,1226.003710726212,2206.182970000427,F,Chicago,39,446.686,393.90018267875575,4.939001826787558,7,Q3
12395,2.0,161.0,212.0,393.25,1.1226471202526782,1085.0817477757482,1218.163899379187,F,New Jersey,10,327.57800000000003,271.86987507683267,3.718698750768326,9,Q3
12413,1.0,22.0,40.0,22.79,1.4912566043243147,1142.9580881955765,1704.443797487546,F,New Jersey,15,293.313,481.10066634876256,5.811006663487626,6,Q2
12415,2.0,18.0,45.0,15.075,2.3616920469400777,969.6565908954248,2290.0302589807534,M,Chicago,29,277.709,724.6150679238892,8.246150679238891,8,Q3
12417,1.0,36.0,75.0,62.21,1.0792881312627216,1150.0572976162557,1241.243191589304,F,California,37,286.904,332.6336306183615,4.326336306183615,11,Q4
12423,0.0,0.0,59.0,0.0,0.7341789265813142,1389.001198587492,1019.7754089991236,M,New York,9,72.593,1304.7847712577295,14.047847712577294,5,Q2
12427,1.0,163.0,220.0,897.56,0.6115194995181084,1300.4967849212808,795.2791430399707,F,New York,37,180.454,340.71017713099775,4.407101771309978,6,Q2
12429,0.0,0.0,149.0,0.0,0.4540231639035437,1389.001198587492,630.6387188485076,F,New Jersey,43,223.974,181.56782432269262,2.8156782432269263,5,Q2
12431,2.0,176.0,250.0,981.635,0.9530957873864824,1264.6664134226814,1205.348231082329,F,New Jersey,14,910.2520000000001,32.419179642816374,1.3241917964281638,11,Q4
12433,2.0,91.0,243.0,2972.35,0.6141087515801208,1872.2649886299605,1149.7743147947142,M,California,32,1376.135,-16.449017371499583,0.8355098262850041,8,Q3
12434,0.0,0.0,109.0,0.0,0.546087420504399,1389.001198587492,758.5160816141619,F,Chicago,32,6.303999999999999,11932.298248955616,120.32298248955614,2,Q1
12437,0.0,0.0,16.0,0.0,1.053070026506383,1389.001198587492,1462.7155290139278,F,New Jersey,50,714.354,104.76059894869039,2.047605989486904,7,Q3
12441,1.0,1.0,165.0,155.5,0.2976216203746164,1166.8580395456092,347.2821804767125,F,Chicago,39,519.354,-33.13189453114591,0.6686810546885409,3,Q1
12471,8.0,222.0,234.0,1469.98375,4.272481083571328,1440.6123111765269,6154.9888482616825,F,California,11,2577.104,138.8335452609473,2.3883354526094727,19,Q4
12472,1.0,47.0,241.0,7814.75,0.3067998019235605,2546.224344855977,781.1811246547616,F,New Jersey,2,1812.279,-56.89509591763952,0.43104904082360473,16,Q4
12474,3.0,182.0,187.0,909.1966666666668,1.969824927706991,1198.4193280268446,2360.67626619314,F,New York,17,1206.074,95.73229057198311,1.9573229057198311,10,Q4
12476,0.0,0.0,114.0,0.0,0.5325460451602559,1389.001198587492,739.7070950306241,M,Chicago,14,631.122,17.205087927631137,1.1720508792763114,7,Q3
12480,0.0,0.0,34.0,0.0,0.8898342530793378,1389.001198587492,1235.980844071406,M,California,22,257.366,380.2424733925251,4.802424733925251,7,Q3
12481,3.0,113.0,151.0,3574.866666666667,2.0172266900871905,2257.242955356053,4553.370735555519,F,California,49,1898.1580000000001,139.8836522331396,2.398836522331396,12,Q4
12483,0.0,0.0,53.0,0.0,0.7661756188598176,1389.001198587492,1064.2188529248,F,New York,39,99.33800000000001,971.3109312899395,10.713109312899395,5,Q2
12484,0.0,0.0,36.0,0.0,0.874889702286711,1389.001198587492,1215.2228451080955,M,California,44,1033.04,17.635604149703354,1.1763560414970335,9,Q3
12489,0.0,0.0,37.0,0.0,0.8676117654779495,1389.001198587492,1205.113782157482,M,California,2,116.338,935.8728722837614,10.358728722837613,6,Q2
12490,0.0,0.0,10.0,0.0,1.1225435645857058,1389.001198587492,1559.214356676221,F,New York,26,543.438,186.91669641729527,2.869166964172953,9,Q3
12494,3.0,99.0,150.0,101.79,1.8840049124154403,877.7114926497027,1653.6127638355288,F,California,28,96.08500000000001,1620.9895028730066,17.209895028730067,7,Q3
12500,0.0,0.0,27.0,0.0,0.946622354921388,1389.001198587492,1314.859585595522,F,Washington DC,46,13.152000000000001,9897.411690963518,99.97411690963519,1,Q1
12501,1.0,1.0,38.0,9002.18,1.2912278700334612,2760.0704697265187,3563.879913767227,M,Chicago,8,2004.246,77.81649127737947,1.7781649127737948,10,Q4
12503,0.0,0.0,44.0,0.0,0.8199893717117804,1389.001198587492,1138.9662201366675,F,Chicago,36,1.0630000000000002,107046.39888397622,1071.4639888397624,1,Q1
12515,0.0,0.0,58.0,0.0,0.7393186427771292,1389.001198587492,1026.9144809555105,F,New York,28,127.114,707.8689058290278,8.078689058290278,3,Q1
12523,0.0,0.0,18.0,0.0,1.0318787751719125,1389.001198587492,1433.2808555107797,F,Chicago,35,99.554,1339.701926101191,14.39701926101191,4,Q1
12524,1.0,1.0,27.0,421.38,1.5293207672185989,1214.7407843647393,1857.7283083164052,F,Washington DC,20,109.55000000000001,1595.7812033924283,16.95781203392428,5,Q2
12530,0.0,0.0,38.0,0.0,0.8604588021448054,1389.001198587492,1195.1783075142923,M,California,29,246.736,384.39559185294905,4.843955918529491,6,Q2
12539,1.0,1.0,28.0,1655.36,1.505338640932422,1436.9701715014548,2163.126725028429,M,Chicago,13,3804.8,-43.14742627658671,0.5685257372341329,10,Q4
12540,1.0,98.0,120.0,1523.08,0.9462531764929089,1413.1476595235906,1337.195461677717,F,Chicago,25,979.145,36.567664817541534,1.3656766481754155,13,Q4
12551,0.0,0.0,75.0,0.0,0.6609263400827772,1389.001198587492,918.0274785530218,M,Chicago,41,504.07800000000003,82.12012397942813,1.8212012397942812,4,Q1
12553,1.0,1.0,10.0,1596.05,2.0308487036112988,1426.2889408890635,2896.577046579687,F,Chicago,8,294.34,884.0922221171729,9.84092222117173,11,Q4
12557,2.0,196.0,219.0,124.07,1.1803172779306528,1002.9236365070354,1183.7680966142957,M,New York,50,55.524,2031.9935462399967,21.319935462399965,1,Q1
12567,1.0,34.0,207.0,1474.15,0.3386923553097613,1404.3357793370403,475.6377927494314,F,Washington DC,23,3201.252,-85.14213211738935,0.1485786788261066,14,Q4
12577,0.0,0.0,89.0,0.0,0.6081205944091702,1389.001198587492,844.6802345200755,F,New Jersey,10,1779.66,-52.53698827191287,0.47463011728087134,7,Q3
12578,2.0,41.0,51.0,2461.57,2.57598877029783,1716.3666303795962,4421.341165571766,F,Chicago,8,1135.02,289.5386130263578,3.895386130263578,9,Q3
12583,1.0,213.0,251.0,1685.62,0.5843754649319214,1442.4197422033762,842.9147074770801,M,Chicago,33,390.128,116.0610639269881,2.160610639269881,12,Q4
12585,1.0,10.0,57.0,1024.17,1.0883765704859605,1323.2981777358966,1440.246732414516,F,New Jersey,4,370.15500000000003,289.0928752588823,3.890928752588823,8,Q3
12586,0.0,0.0,189.0,0.0,0.3888325667392796,1389.001198587492,540.0889012507104,M,California,3,5.696999999999999,9380.233478158863,94.80233478158863,1,Q1
12600,1.0,140.0,217.0,429.86,0.5845392861199652,1216.2679608205322,710.9564055486196,M,New York,39,232.136,206.2671905902659,3.062671905902659,5,Q2
12601,0.0,0.0,23.0,0.0,0.9826208129882272,1389.001198587492,1364.8614869976634,F,California,10,114.466,1092.3728329789312,11.923728329789313,5,Q2
12605,0.0,0.0,143.0,0.0,0.4657692237617612,1389.001198587492,646.954010070252,F,New York,37,28.319000000000003,2184.5227941320386,22.845227941320385,2,Q1
12621,2.0,76.0,150.0,774.485,1.1686066707153815,1201.4408663935046,1404.011810937517,M,California,44,514.457,172.91140191260243,2.7291140191260244,10,Q4
12626,1.0,1.0,2.0,2771.15,2.3476878665052383,1637.9145367855565,3845.312084383999,F,California,30,1254.133,206.61118752030276,3.0661118752030276,15,Q4
12643,0.0,0.0,22.0,0.0,0.9920739694221792,1389.001198587492,1377.9919326148574,M,New York,48,12.158000000000001,11234.034648913123,113.3403464891312,1,Q1
12647,3.0,121.0,196.0,626.2733333333334,1.4683541319043036,1086.040110023089,1594.691482966207,M,New York,28,921.423,73.06833918474003,1.7306833918474003,11,Q4
12649,0.0,0.0,144.0,0.0,0.4637688198937442,1389.001198587492,644.1754466999174,M,Chicago,33,1.438,44696.623553540856,447.9662355354085,2,Q1
12651,0.0,0.0,31.0,0.0,0.9132778488323244,1389.001198587492,1268.544026671505,M,New York,44,487.094,160.43105163921234,2.6043105163921236,5,Q2
12652,1.0,1.0,16.0,1476.13,1.8310695148699343,1404.692360632143,2572.089359324201,M,New York,21,543.415,373.3195365097027,4.7331953650970275,11,Q4
12662,0.0,0.0,243.0,0.0,0.3259185768378566,1389.001198587492,452.70129386971246,M,Chicago,21,549.814,-17.662828907646496,0.823371710923535,10,Q4
12665,0.0,0.0,18.0,0.0,1.0318787751719125,1389.001198587492,1433.2808555107797,F,Chicago,10,24.239999999999995,5812.874816463614,59.128748164636136,2,Q1
12666,0.0,0.0,92.0,0.0,0.5979102592763309,1389.001198587492,830.4980667825816,M,California,13,11.393999999999998,7188.907028107616,72.88907028107616,2,Q1
12668,0.0,0.0,71.0,0.0,0.6777931761845364,1389.001198587492,941.455534114744,F,California,32,1514.901,-37.85365947248408,0.6214634052751592,12,Q4
12672,0.0,0.0,10.0,0.0,1.1225435645857058,1389.001198587492,1559.214356676221,F,California,43,51.03,2955.485707772332,30.55485707772332,3,Q1
12673,0.0,0.0,0.0,0.0,1.2628819395855029,1389.001198587492,1754.14452775876,M,California,4,530.9490000000001,230.37910001878896,3.3037910001878896,5,Q2
12678,0.0,0.0,59.0,0.0,0.7341789265813142,1389.001198587492,1019.7754089991236,M,New York,27,20.298000000000002,4924.019159518787,50.24019159518787,4,Q1
12681,3.0,148.0,173.0,3499.1366666666668,1.9680250001062085,2227.1624452787964,4383.111371606346,M,Chicago,27,3201.065,36.926659458847176,1.3692665945884717,26,Q4
12682,2.0,169.0,216.0,3281.3900000000003,1.1235489994038013,1966.5890197856295,2209.5591254186465,F,Chicago,33,2283.4049999999997,-3.234024388198905,0.9676597561180109,16,Q4
12683,2.0,99.0,150.0,2599.7300000000005,1.3402166128523658,1758.5353080409582,2356.818234123945,M,Chicago,15,1879.162,25.418576691309468,1.2541857669130947,11,Q4
12686,0.0,0.0,221.0,0.0,0.3488915073914823,1389.001198587492,484.6107219437658,M,Chicago,30,95.858,405.55062899681377,5.055506289968138,3,Q1
12691,0.0,0.0,73.0,0.0,0.6692504336854147,1389.001198587492,929.5896545442398,F,California,7,296.574,213.4427342060463,3.134427342060463,5,Q2
12705,0.0,0.0,73.0,0.0,0.6692504336854147,1389.001198587492,929.5896545442398,F,New Jersey,45,493.314,88.4377201020526,1.884377201020526,5,Q2
12708,2.0,179.0,189.0,1306.495,1.335645746451025,1363.8189657176292,1821.579000489988,F,California,25,649.279,180.55412241732566,2.8055412241732567,9,Q3
12709,1.0,91.0,166.0,1129.49,0.6679629149011523,1342.2654211703436,896.5835232959656,M,Washington DC,36,702.1,27.700259691776896,1.277002596917769,15,Q4
12712,4.0,197.0,215.0,168.1075,2.289371506820896,818.0052427339899,1872.7178951453072,M,Chicago,37,936.4490000000001,99.98076725430933,1.999807672543093,12,Q4
12720,1.0,118.0,192.0,1771.67,0.6277623384032087,1457.9166212152843,915.225147331012,F,Chicago,20,1675.313,-45.369901186762604,0.546300988132374,14,Q4
12721,1.0,85.0,150.0,2080.8,0.727080960265646,1513.5883261420845,1100.5012536182585,F,California,5,194.47500000000002,465.8831487945794,5.658831487945794,6,Q2
12724,0.0,0.0,19.0,0.0,1.021615828463983,1389.001198587492,1419.0256102324258,M,California,19,105.808,1241.1326272421989,13.411326272421988,4,Q1
12725,1.0,1.0,213.0,3469.24,0.1981919620531833,1763.6346561280657,349.53821284301256,F,New Jersey,48,962.558,-63.686529763088295,0.36313470236911705,7,Q3
12726,0.0,0.0,74.0,0.0,0.6650615954947381,1389.001198587492,923.7713532767008,M,Chicago,25,456.63500000000005,102.2997258809992,2.022997258809992,11,Q4
12728,0.0,0.0,21.0,0.0,1.0017200247584062,1389.001198587492,1391.390315038518,F,California,5,109.104,1175.2880875481358,12.752880875481358,5,Q2
12731,0.0,0.0,138.0,0.0,0.4760404316327337,1389.001198587492,661.2207301139741,F,California,28,2283.065,-71.03802431757421,0.2896197568242578,10,Q4
12734,0.0,0.0,58.0,0.0,0.7393186427771292,1389.001198587492,1026.9144809555105,F,California,27,7.994999999999999,12744.458798693066,128.44458798693066,2,Q1
12735,0.0,0.0,42.0,0.0,0.8330326978601483,1389.001198587492,1157.083415790318,M,Washington DC,5,502.29400000000004,130.35979243039293,2.3035979243039293,11,Q4
12736,0.0,0.0,24.0,0.0,0.973354634039268,1389.001198587492,1351.9907533312328,F,New York,3,28.37,4665.564868985664,47.65564868985663,2,Q1
12738,0.0,0.0,222.0,0.0,0.3477765080966738,1389.001198587492,483.0619865868525,M,New York,42,177.857,171.6013351101461,2.716013351101461,2,Q1
12747,1.0,73.0,192.0,260.2,0.5137922446281916,1185.7136262108827,609.210465497122,F,Chicago,9,490.25,24.26526578217684,1.2426526578217685,8,Q3
12748,32.0,240.0,244.0,2580.949375,16.596874809782893,2432.489349401025,40371.721208139046,F,Chicago,28,11937.033,238.205659715769,3.38205659715769,31,Q4
12753,1.0,88.0,127.0,165.66,0.8692420934819025,1168.6877698275498,1015.8726036715952,F,New York,13,395.894,156.60217221569292,2.566021722156929,5,Q2
12755,0.0,0.0,150.0,0.0,0.4521237584734096,1389.001198587492,628.0004424294476,F,Chicago,37,4.997999999999999,12465.034862533967,125.65034862533967,1,Q1
12763,1.0,1.0,192.0,102.12,0.2351066459914147,1157.244751902894,272.0759322110562,F,California,48,324.20700000000005,-16.07956268339173,0.8392043731660828,4,Q1
12766,2.0,128.0,157.0,1159.1999999999998,1.4265910232684966,1318.8621375754008,1881.476886393768,F,Chicago,22,525.503,258.0335195791019,3.5803351957910188,13,Q4
12779,1.0,215.0,217.0,894.5899999999999,0.6849617517168333,1299.961912978627,890.4241890790059,F,California,28,681.449,30.66629917704861,1.3066629917704862,7,Q3
12782,1.0,24.0,75.0,61.98,0.9925628361933528,1150.0158765567232,1141.463020102526,F,Chicago,19,709.3050000000001,60.926966552121556,1.6092696655212155,11,Q4
12785,0.0,0.0,132.0,0.0,0.4889913538147868,1389.001198587492,679.2095765476593,F,New Jersey,36,70.021,870.0083925503195,9.700083925503195,4,Q1
12791,0.0,0.0,249.0,0.0,0.3201736923733579,1389.001198587492,444.72164246277714,F,Washington DC,26,14.030000000000001,3069.7907516947766,31.69790751694776,2,Q1
12793,1.0,182.0,213.0,1449.9,0.6599839885885017,1399.9685589298497,923.9568334210188,F,Chicago,39,463.194,99.47512995008977,1.9947512995008976,7,Q3
12797,1.0,51.0,150.0,54.96,0.6043926366831475,1148.7516337831778,694.2970288362883,M,California,34,41.007,1593.118318424387,16.931183184243867,6,Q2
12808,0.0,0.0,189.0,0.0,0.3888325667392796,1389.001198587492,540.0889012507104,M,California,32,167.397,222.6395343110751,3.226395343110751,4,Q1
12826,0.0,0.0,143.0,0.0,0.4657692237617612,1389.001198587492,646.954010070252,M,California,33,1782.0819999999999,-63.69673168404978,0.3630326831595022,14,Q4
12829,1.0,62.0,100.0,165.26999999999998,0.9734907751894876,1168.6175341179085,1137.6383891884702,M,New Jersey,15,246.651,361.23404696857915,4.612340469685791,7,Q3
12838,0.0,0.0,247.0,0.0,0.3220658085890753,1389.001198587492,447.3497941542754,F,California,31,427.15500000000003,4.7277438293536,1.047277438293536,11,Q4
12839,2.0,96.0,168.0,1179.815,1.145904347248502,1325.1541706529122,1518.4999249256553,F,California,45,1020.717,48.767966529964255,1.4876796652996427,7,Q3
12841,2.0,177.0,220.0,1426.9499999999998,1.1233254064309812,1400.5837896008031,1573.311354693966,F,California,19,2577.405,-38.957542384919485,0.6104245761508051,18,Q4
12855,0.0,0.0,235.0,0.0,0.333910231185839,1389.001198587492,463.8017113377569,F,New York,33,89.03300000000002,420.932363660392,5.20932363660392,1,Q1
12865,0.0,0.0,96.0,0.0,0.5848303796649361,1389.001198587492,812.3300983249742,M,New Jersey,34,71.4,1037.7172245447816,11.377172245447817,1,Q1
12867,1.0,1.0,100.0,3909.21,0.5764780825622091,1842.8695411817464,1062.3738995127512,M,Chicago,32,1008.573,5.334358495889861,1.0533435849588986,6,Q2
12868,1.0,228.0,243.0,1108.75,0.6203999028454766,1338.5303221499255,830.4240818175383,F,California,8,941.996,-11.844202967152905,0.8815579703284709,11,Q4
12870,0.0,0.0,156.0,0.0,0.4410578679357981,1389.001198587492,612.6299072092673,F,California,28,3.415,17839.382348734038,179.39382348734037,1,Q1
12872,1.0,142.0,144.0,1800.34,0.8960206573540003,1463.0798463317446,1310.9497656715596,M,New Jersey,20,630.481,107.92851262314956,2.0792851262314955,12,Q4
12875,0.0,0.0,126.0,0.0,0.5026805220966252,1389.001198587492,698.2238476987985,F,New Jersey,24,0.24,290826.6032078327,2909.2660320783275,1,Q1
12877,1.0,77.0,86.0,222.96,1.1651952414551034,1179.007016397943,1373.7733651490623,F,New Jersey,23,388.829,253.31041798555725,3.5331041798555725,6,Q2
12913,0.0,0.0,175.0,0.0,0.4093766767470278,1389.001198587492,568.6246946753859,F,New York,21,20.628,2656.567261369914,27.56567261369914,3,Q1
12915,0.0,0.0,230.0,0.0,0.3391091834250523,1389.001198587492,471.0230622294233,F,Washington DC,3,112.39,319.09695011070676,4.190969501107068,5,Q2
12921,2.0,189.0,240.0,2223.49,1.043014700819931,1643.7007446122466,1714.4040403792403,M,New York,49,1029.46,66.53430345804988,1.6653430345804987,12,Q4
12924,0.0,0.0,4.0,0.0,1.202483742334164,1389.001198587492,1670.2513593841268,M,California,45,4.605,36170.38782593109,362.7038782593109,2,Q1
12928,0.0,0.0,90.0,0.0,0.6046776606743685,1389.001198587492,839.8979954357785,F,Chicago,21,86.493,871.0589243473792,9.710589243473791,5,Q2
12931,1.0,4.0,76.0,8.39,0.7999814936192895,1140.3647696857397,912.270711724015,F,New York,44,5.814,15590.930714207343,156.90930714207343,2,Q1
12939,0.0,0.0,32.0,0.0,0.905321284154208,1389.001198587492,1257.492348796962,F,Chicago,19,38.448,3170.631369114029,32.706313691140295,3,Q1
12942,0.0,0.0,151.0,0.0,0.4502404305611768,1389.001198587492,625.3844977020229,F,New Jersey,4,70.845,782.7503672835386,8.827503672835386,5,Q2
12944,1.0,1.0,66.0,1026.87,0.8731282898803309,1323.784424956491,1155.833631132478,F,California,43,101.777,1035.6530759724476,11.356530759724476,4,Q1
12947,3.0,199.0,238.0,1386.46,1.5545302458029833,1387.991815915904,2157.6752587682795,M,California,48,754.181,186.09514940952894,2.860951494095289,10,Q4
12951,0.0,0.0,14.0,0.0,1.0751993196739098,1389.001198587492,1493.4531437475166,F,New York,18,101.853,1366.282921217359,14.662829212173591,6,Q2
12957,1.0,15.0,54.0,29.4,1.1835917095332056,1144.1484934282169,1354.2046712965448,F,Chicago,44,90.90299999999999,1389.7249499978493,14.897249499978493,7,Q3
12963,1.0,1.0,152.0,200.22,0.3358365443286628,1174.9117342511588,394.5782967221055,M,New York,9,59.291000000000004,565.4944202696961,6.65494420269696,5,Q2
12967,2.0,143.0,221.0,185.095,0.998357814495243,1021.549458411238,1019.8718846982424,F,New York,34,211.64800000000002,381.87173264015837,4.8187173264015835,6,Q2
12971,11.0,207.0,223.0,283.19,5.948872351584195,606.8926924140783,3610.3271582806015,F,Washington DC,43,733.163,392.431718223724,4.92431718223724,16,Q4
12980,2.0,70.0,87.0,166.09,2.013371534741937,1015.748823502768,2045.0797676880852,M,California,23,247.51500000000001,726.2447801903259,8.262447801903258,5,Q2
12989,1.0,129.0,133.0,20.59,0.9357656492083832,1142.5618867565736,1069.17016572152,F,California,5,17.18,6123.342058914553,62.233420589145524,2,Q1
13000,0.0,0.0,138.0,0.0,0.4760404316327337,1389.001198587492,661.2207301139741,M,New Jersey,32,84.634,681.2708014674647,7.812708014674648,6,Q2
13004,1.0,50.0,77.0,1143.02,1.1403623357486246,1344.702060020211,1533.4475820506352,F,California,37,1316.707,16.460805786757046,1.1646080578675704,11,Q4
13008,0.0,0.0,110.0,0.0,0.5433231639401512,1389.001198587492,754.6765259332184,F,Chicago,48,607.265,24.274661957006973,1.2427466195700698,6,Q2
13011,0.0,0.0,222.0,0.0,0.3477765080966738,1389.001198587492,483.0619865868525,F,New York,18,21.336,2164.0700533692,22.640700533692,3,Q1
13013,0.0,0.0,218.0,0.0,0.352280285277881,1389.001198587492,489.31773848972034,M,Chicago,13,912.028,-46.34838639935174,0.5365161360064826,6,Q2
13021,1.0,56.0,144.0,565.91,0.6548747356568059,1240.7694179915966,812.5485446182956,M,Chicago,29,277.497,192.81345189976668,2.928134518997667,4,Q1
13027,0.0,0.0,64.0,0.0,0.7095482664901258,1389.001198587492,985.5633926104618,F,New York,15,16.775,5775.191610196494,58.751916101964945,4,Q1
13029,0.0,0.0,59.0,0.0,0.7341789265813142,1389.001198587492,1019.7754089991236,F,New York,35,0.9990000000000001,101979.62052043277,1020.7962052043277,1,Q1
13030,0.0,0.0,178.0,0.0,0.4047912190099484,1389.001198587492,562.2554883825104,M,California,39,607.821,-7.496534607637711,0.9250346539236228,7,Q3
13033,0.0,0.0,74.0,0.0,0.6650615954947381,1389.001198587492,923.7713532767008,M,California,50,182.10000000000002,407.287947982812,5.07287947982812,3,Q1
13034,0.0,0.0,193.0,0.0,0.3833407434134088,1389.001198587492,532.460752068645,F,Chicago,40,34.166,1458.4521221935404,15.584521221935404,4,Q1
13047,1.0,212.0,251.0,11.06,0.5833502696151944,1140.8456141594384,665.5125966092204,M,California,43,727.563,-8.528526518085663,0.9147147348191433,11,Q4
13048,0.0,0.0,3.0,0.0,1.2170005625344125,1389.001198587492,1690.4152400419507,M,Chicago,45,916.899,84.36220783771721,1.8436220783771722,5,Q2
13050,5.0,104.0,166.0,947.838,2.465251977956945,1158.0917340292986,2854.987937971317,F,Chicago,10,2245.462,27.144789712376205,1.2714478971237622,16,Q4
13064,0.0,0.0,3.0,0.0,1.2170005625344125,1389.001198587492,1690.4152400419507,M,New Jersey,15,53.985,3031.268389445125,31.31268389445125,3,Q1
13065,1.0,1.0,237.0,662.54,0.1649900681757506,1258.1716657419822,207.5858289075674,F,Chicago,32,143.523,44.635932155520294,1.4463593215552029,4,Q1
13069,2.0,178.0,209.0,1533.44,1.19522026267037,1433.0862684959857,1712.8537462610725,F,New York,38,2042.897,-16.155648265131695,0.838443517348683,13,Q4
13077,0.0,0.0,155.0,0.0,0.4428638277938175,1389.001198587492,615.1383876166572,F,New York,45,151.996,304.70695782563826,4.047069578256383,4,Q1
13078,6.0,153.0,166.0,362.495,4.028823954792838,805.3572859282986,3244.642725714874,F,California,28,1157.561,180.2999345792467,2.8029993457924673,11,Q4
13081,5.0,203.0,212.0,4263.678,2.918065823014921,2893.637313107771,8443.824147580512,F,New York,5,2795.7380000000003,202.0248731311915,3.020248731311915,19,Q4
13082,0.0,0.0,47.0,0.0,0.8012000714254682,1389.001198587492,1112.8678595183594,M,Chicago,45,102.799,982.566814383758,10.82566814383758,2,Q1
13089,11.0,197.0,211.0,1053.0709090909093,6.209987728186476,1151.4073514351228,7150.225522555806,F,New Jersey,25,6316.709,13.195423796723988,1.1319542379672398,25,Q4
13090,3.0,227.0,236.0,187.47666666666663,1.6689590399082146,911.7468635747416,1521.668170071027,M,New Jersey,4,187.073,713.4087602545673,8.134087602545673,8,Q3
13092,0.0,0.0,94.0,0.0,0.5912962499716716,1389.001198587492,821.3111999309411,F,Washington DC,2,84.279,874.5146476950856,9.745146476950856,5,Q2
13093,4.0,228.0,240.0,1655.395,2.1517489322241388,1513.590082490297,3256.8658438235425,M,California,35,2666.543,22.138133299314593,1.221381332993146,24,Q4
13094,2.0,149.0,189.0,82.49,1.2401496297992256,990.2327446630908,1228.036771709003,M,Washington DC,10,78.77199999999999,1458.9762500749036,15.589762500749037,5,Q2
13097,1.0,55.0,100.0,2209.61,0.941382332342082,1536.7859203957032,1446.7031140525803,M,California,33,530.919,172.4903637000334,2.724903637000334,12,Q4
13102,4.0,125.0,145.0,1158.2825,2.894351267850389,1281.0970919599808,3707.944992353817,F,New York,10,1591.864,132.93101623969238,2.329310162396924,18,Q4
13104,0.0,0.0,65.0,0.0,0.7048251949762043,1389.001198587492,979.0030406166104,F,New York,20,11.9,8126.916307702608,82.26916307702608,1,Q1
13107,1.0,21.0,26.0,93.39,1.7935871767229374,1155.6725525563054,2072.7994707556545,F,California,20,519.047,299.34716331192635,3.9934716331192637,9,Q3
13108,0.0,0.0,234.0,0.0,0.3349371032671074,1389.001198587492,465.2280378894348,F,Chicago,45,46.098,909.2152325251308,10.092152325251309,5,Q2
13113,2.0,141.0,158.0,8339.39,1.470947538594706,3510.372832836929,5163.574278011206,M,New Jersey,44,2514.913,105.31820695233615,2.053182069523362,16,Q4
13115,1.0,116.0,155.0,125.0,0.7837422331265207,1161.365246868524,910.21099205627,F,Chicago,26,36.112,2420.522242069866,25.205222420698657,2,Q1
13117,1.0,85.0,229.0,410.43,0.4364949199883156,1212.768781747884,529.3674123533697,M,New Jersey,30,200.112,164.5355662595795,2.6453556625957946,7,Q3
13124,1.0,1.0,92.0,244.0,0.6324286333568464,1182.796142887316,748.0341481859746,M,New York,4,1263.5520000000001,-40.79910061588487,0.5920089938411514,5,Q2
13126,2.0,141.0,164.0,730.5600000000001,1.415723457479626,1188.034242433782,1681.927945302542,F,Washington DC,37,404.738,315.5596818936057,4.155596818936058,12,Q4
13136,0.0,0.0,143.0,0.0,0.4657692237617612,1389.001198587492,646.954010070252,F,California,48,21.898,2854.397707874016,29.54397707874016,3,Q1
13138,1.0,1.0,227.0,289.48,0.1778314458507282,1190.9867071808849,211.79488812697457,F,California,21,146.89900000000003,44.17721572439195,1.4417721572439195,3,Q1
13140,0.0,0.0,155.0,0.0,0.4428638277938175,1389.001198587492,615.1383876166572,M,New York,34,41.352999999999994,1387.5302580626733,14.875302580626732,4,Q1
13144,0.0,0.0,23.0,0.0,0.9826208129882272,1389.001198587492,1364.8614869976634,M,California,38,6.398,21232.627180332347,213.32627180332346,1,Q1
13145,0.0,0.0,222.0,0.0,0.3477765080966738,1389.001198587492,483.0619865868525,F,California,4,1.65,29176.484035566824,292.76484035566824,1,Q1
13148,1.0,74.0,133.0,345.13,0.7851297392130233,1201.0088026720257,942.9477280344328,M,New York,16,3504.131,-73.09039736144474,0.2690960263855526,14,Q4
13155,2.0,183.0,184.0,1374.57,1.383119616464315,1384.5965622129766,1915.062666085821,F,California,8,1695.7740000000001,12.93147943569255,1.1293147943569255,8,Q3
13162,1.0,15.0,33.0,3417.77,1.566834041204446,1754.3653433710303,2748.7993407030567,F,New York,14,673.552,308.10499274043525,4.081049927404353,5,Q2
13165,0.0,0.0,57.0,0.0,0.7445332750567428,1389.001198587492,1034.1576114420866,F,Chicago,31,80.944,1177.6210854937815,12.776210854937815,3,Q1
13173,0.0,0.0,170.0,0.0,0.4172577545599406,1389.001198587492,579.571521203683,F,California,8,1081.053,-46.38824172323809,0.5361175827676191,4,Q1
13174,2.0,2.0,191.0,6779.71,0.1925458917671043,3034.3331456997503,584.2483814572414,M,Chicago,25,5724.868,-89.79455279218243,0.10205447207817567,18,Q4
13178,0.0,0.0,107.0,0.0,0.551703046013983,1389.001198587492,766.3161921777926,F,California,9,359.418,113.21029892153219,2.132102989215322,7,Q3
13183,0.0,0.0,33.0,0.0,0.8975080712994107,1389.001198587492,1246.6397867768296,F,New York,42,372.404,234.7546714795839,3.347546714795839,6,Q2
13187,0.0,0.0,39.0,0.0,0.853427527130257,1389.001198587492,1185.4118580914862,F,Chicago,50,212.828,456.98115759744314,5.569811575974431,6,Q2
13198,1.0,21.0,120.0,15.95,0.6058204376675534,1141.7262619034038,691.6811036828599,M,California,50,697.82,-0.8797249028603602,0.9912027509713964,12,Q4
13199,3.0,153.0,164.0,489.3533333333333,2.113600052038044,1031.654484250238,2180.5049715965847,M,California,47,492.99600000000004,342.29668630102157,4.422966863010216,8,Q3
13209,1.0,39.0,120.0,55.17,0.7123869936558044,1148.789453011446,818.38266477432,F,California,18,85.425,858.0130696802108,9.580130696802108,6,Q2
13211,0.0,0.0,111.0,0.0,0.540587337200993,1389.001198587492,750.8764593133999,F,Chicago,33,8.748,8483.40717093507,85.83407170935071,1,Q1
13221,0.0,0.0,94.0,0.0,0.5912962499716716,1389.001198587492,821.3111999309411,F,New York,35,695.4630000000001,18.095599612192316,1.1809559961219231,7,Q3
13225,1.0,75.0,120.0,477.15,0.8722615942568612,1224.7844908434622,1068.3324726041965,F,New York,50,50.489999999999995,2015.9288425513896,21.159288425513896,6,Q2
13230,0.0,0.0,141.0,0.0,0.4698231442443493,1389.001198587492,652.5849104795452,M,California,30,1405.302,-53.562656960600265,0.46437343039399737,12,Q4
13233,1.0,1.0,35.0,255.7,1.3508964257359826,1184.9032141765588,1600.6815168741907,M,Chicago,30,259.1,517.7852245751411,6.177852245751411,4,Q1
13238,0.0,0.0,101.0,0.0,0.5692814725373516,1389.001198587492,790.7326476880338,M,California,19,95.458,728.3566046722474,8.283566046722473,3,Q1
13240,0.0,0.0,148.0,0.0,0.4559388564181093,1389.001198587492,633.2996180473641,F,California,24,141.36700000000002,347.98263954626185,4.479826395462618,5,Q2
13246,0.0,0.0,12.0,0.0,1.0983328951160192,1389.001198587492,1525.5857077642206,F,California,25,415.962,266.76083578889916,3.6676083578889913,9,Q3
13253,0.0,0.0,52.0,0.0,0.7717913028071651,1389.001198587492,1072.0190446585543,M,Chicago,38,42.760999999999996,2407.0018116006513,25.070018116006512,6,Q2
13255,0.0,0.0,247.0,0.0,0.3220658085890753,1389.001198587492,447.3497941542754,M,California,15,128.19,248.974018374503,3.48974018374503,2,Q1
13266,0.0,0.0,89.0,0.0,0.6081205944091702,1389.001198587492,844.6802345200755,F,Washington DC,12,13.851,5998.333943542527,60.98333943542527,1,Q1
13267,5.0,149.0,166.0,2805.592,3.339938040348746,2130.4597438594924,7115.603541947966,M,California,46,3560.706,99.83687341633838,1.9983687341633838,12,Q4
13269,1.0,93.0,207.0,1959.26,0.5190838128804393,1491.6999975528072,774.3173224034531,F,California,41,580.448,33.39994666248366,1.3339994666248365,4,Q1
13270,0.0,0.0,155.0,0.0,0.4428638277938175,1389.001198587492,615.1383876166572,M,Chicago,7,7.9,7686.561868565281,77.8656186856528,1,Q1
13280,0.0,0.0,39.0,0.0,0.853427527130257,1389.001198587492,1185.4118580914862,F,California,43,1651.52,-28.222978947182824,0.7177702105281718,9,Q3
13284,0.0,0.0,15.0,0.0,1.064013422692855,1389.001198587492,1477.9159194335552,F,Chicago,14,163.87800000000001,801.8391238809086,9.018391238809084,5,Q2
13295,1.0,126.0,222.0,799.4200000000001,0.5441754184064979,1282.8225989104888,698.0805245034262,F,New York,33,220.15200000000002,217.0902487842155,3.170902487842155,5,Q2
13304,0.0,0.0,56.0,0.0,0.7498245161813181,1389.001198587492,1041.507151706137,M,California,12,65.366,1493.3469260871661,15.93346926087166,4,Q1
13305,0.0,0.0,232.0,0.0,0.3370101028004926,1389.001198587492,468.1074367259782,F,Chicago,38,46.524,906.1633495098833,10.061633495098834,4,Q1
13313,0.0,0.0,55.0,0.0,0.7551941113168678,1389.001198587492,1048.965525785345,M,California,42,40.99,2459.0766669561967,25.59076666956197,5,Q2
13317,0.0,0.0,88.0,0.0,0.6116039626600183,1389.001198587492,849.518637195625,F,Chicago,17,288.564,194.39522504388108,2.943952250438811,4,Q1
13319,4.0,119.0,173.0,1610.1075,2.22080961641638,1492.4097132405964,3314.3578427979287,F,Chicago,27,709.905,366.87343275479515,4.668734327547952,9,Q3
13324,0.0,0.0,111.0,0.0,0.540587337200993,1389.001198587492,750.8764593133999,F,Chicago,24,401.67600000000004,86.93585360175858,1.8693585360175857,3,Q1
13327,0.0,0.0,143.0,0.0,0.4657692237617612,1389.001198587492,646.954010070252,F,Chicago,14,73.194,783.889403599,8.838894035989998,5,Q2
13329,2.0,103.0,166.0,18.11,1.209133350189616,970.5829222265064,1173.5641803885633,M,Chicago,2,169.729,591.4340981143841,6.914340981143842,5,Q2
13368,0.0,0.0,43.0,0.0,0.8264575793223716,1389.001198587492,1147.9505682604913,M,California,43,13.965,8120.197409670544,82.20197409670543,1,Q1
13369,1.0,87.0,150.0,536.99,0.7331503390477789,1235.5611699843405,905.8520906882896,F,New York,24,160.37,464.85133796114593,5.648513379611459,4,Q1
13370,2.0,67.0,221.0,1601.6,0.5674523463492129,1453.8898083729284,825.0131830944258,M,Washington DC,41,558.248,47.78614219745091,1.477861421974509,10,Q4
13385,0.0,0.0,10.0,0.0,1.1225435645857058,1389.001198587492,1559.214356676221,F,Chicago,26,638.812,144.0803173196842,2.440803173196842,7,Q3
13397,0.0,0.0,53.0,0.0,0.7661756188598176,1389.001198587492,1064.2188529248,M,California,40,52.192,1939.0459321827102,20.3904593218271,4,Q1
13402,0.0,0.0,222.0,0.0,0.3477765080966738,1389.001198587492,483.0619865868525,M,Chicago,42,130.97,268.8340739000172,3.688340739000172,5,Q2
13408,7.0,227.0,249.0,538.1414285714285,3.5072219089129315,873.4505113514904,3063.3847697631504,M,Chicago,30,1109.359,176.1400745622608,2.7614007456226077,18,Q4
13418,2.0,141.0,234.0,920.92,0.9135676667467804,1246.135208557239,1138.4288349326491,F,New York,22,506.237,124.88060630349995,2.2488060630349995,12,Q4
13426,1.0,56.0,94.0,655.27,0.998742996547174,1256.8624000776408,1255.2825197010163,M,Chicago,38,199.982,527.6977526482465,6.276977526482465,10,Q4
13448,2.0,138.0,249.0,618.81,0.8204834210703713,1153.9263260422272,946.7774196542912,F,California,41,339.31600000000003,179.02528016783504,2.79025280167835,9,Q3
13451,0.0,0.0,29.0,0.0,0.9296376442749184,1389.001198587492,1291.267802149914,M,California,12,312.842,312.75397873364636,4.127539787336464,7,Q3
13455,1.0,152.0,157.0,237.63,0.8442918651808631,1181.6489596298395,997.6566041149036,F,New York,38,340.761,192.77311784943217,2.9277311784943216,7,Q3
13458,3.0,77.0,95.0,727.4566666666666,2.77376204820095,1126.230870329226,3123.8964456315325,F,California,33,702.01,344.9931547458772,4.449931547458772,16,Q4
13468,4.0,217.0,240.0,1643.935,2.10258303050924,1508.230390928573,3171.179626064734,M,New York,33,2121.512,49.47733626134255,1.4947733626134254,19,Q4
13473,1.0,12.0,24.0,125.0,1.7500200313904095,1161.365246868524,2032.412445780585,F,New York,5,105.736,1822.157492037324,19.22157492037324,4,Q1
13481,0.0,0.0,177.0,0.0,0.4063080934980786,1389.001198587492,564.3624288646299,M,Chicago,6,0.84,67086.00343626547,671.8600343626547,1,Q1
13487,0.0,0.0,59.0,0.0,0.7341789265813142,1389.001198587492,1019.7754089991236,M,Washington DC,6,26.291,3778.8003841585464,38.78800384158547,3,Q1
13488,3.0,155.0,172.0,1588.3133333333335,2.0208431585233573,1468.1694367723835,2966.940161854562,F,California,22,2976.894,-0.33436992198706633,0.9966563007801293,16,Q4
13491,3.0,204.0,227.0,436.72333333333336,1.6671996210635762,1010.7494631837384,1685.121122010142,F,Chicago,16,693.467,142.99946818091445,2.4299946818091445,14,Q4
13495,2.0,80.0,176.0,199.94,0.9605960783224048,1026.080393702805,985.6488022344234,M,New York,25,563.135,75.02886558896597,1.7502886558896595,6,Q2
13496,1.0,18.0,98.0,1570.35,0.7325928546820331,1421.660587715257,1041.498388343257,F,New York,21,429.354,142.57335167327122,2.4257335167327123,5,Q2
13497,0.0,0.0,187.0,0.0,0.3916386725868583,1389.001198587492,543.9865856363605,F,New York,22,272.346,99.74098596504464,1.9974098596504464,3,Q1
13506,0.0,0.0,205.0,0.0,0.3677683750503166,1389.001198587492,510.830713747464,M,New Jersey,30,706.312,-27.676336555592428,0.7232366344440757,7,Q3
13520,0.0,0.0,220.0,0.0,0.3500137554770446,1389.001198587492,486.1695258797244,F,Chicago,19,1100.047,-55.804658720970615,0.4419534127902939,8,Q3
13523,0.0,0.0,156.0,0.0,0.4410578679357981,1389.001198587492,612.6299072092673,F,Chicago,13,156.567,291.2892928965027,3.9128929289650265,7,Q3
13527,0.0,0.0,1.0,0.0,1.2471835961273716,1389.001198587492,1732.3395098795777,F,California,44,12.585,13665.113308538559,137.6511330853856,3,Q1
13531,0.0,0.0,155.0,0.0,0.4428638277938175,1389.001198587492,615.1383876166572,F,New Jersey,48,647.026,-4.928335551174574,0.9507166444882542,3,Q1
13534,3.0,59.0,81.0,720.1899999999999,2.9061128071276907,1123.344497162783,3264.5658300211794,F,California,20,584.424,458.5954426959159,5.585954426959159,17,Q4
13564,1.0,114.0,174.0,3889.0,0.6907251194690869,1839.2298906898156,1270.4022859778383,M,California,26,1379.601,-7.915238827904718,0.9208476117209529,13,Q4
13565,0.0,0.0,29.0,0.0,0.9296376442749184,1389.001198587492,1291.267802149914,F,New Jersey,8,191.516,574.2349475500291,6.742349475500292,6,Q2
13569,0.0,0.0,172.0,0.0,0.4140686844662978,1389.001198587492,575.1418990212336,M,Chicago,14,469.22700000000003,22.57220897800714,1.2257220897800714,6,Q2
13576,2.0,214.0,236.0,401.46,1.12469161516312,1087.5875732216064,1223.2006243579467,M,New York,23,318.89099999999996,283.5795379480596,3.8357953794805963,10,Q4
13579,0.0,0.0,191.0,0.0,0.3860668824269738,1389.001198587492,536.247362426003,F,New York,49,144.462,271.20305853857974,3.712030585385797,5,Q2
13593,1.0,1.0,34.0,1724.75,1.3716092508899629,1449.466725070732,1988.1019689641944,M,California,28,357.68600000000004,455.82325530330905,5.558232553033091,7,Q3
13599,4.0,161.0,166.0,222.66,2.790478308708206,843.5187308597261,2353.820721453141,F,California,46,344.468,583.3205759179781,6.833205759179781,13,Q4
13611,0.0,0.0,98.0,0.0,0.5785076358599254,1389.001198587492,803.5477996014527,F,New York,5,320.652,150.59809375941916,2.5059809375941913,5,Q2
13614,0.0,0.0,12.0,0.0,1.0983328951160192,1389.001198587492,1525.5857077642206,M,Chicago,20,112.468,1256.4620227657826,13.564620227657828,5,Q2
13627,0.0,0.0,76.0,0.0,0.6568436236567772,1389.001198587492,912.356580543815,F,Chicago,49,561.9630000000001,62.35171720270104,1.6235171720270103,5,Q2
13629,0.0,0.0,50.0,0.0,0.7832824164193164,1389.001198587492,1087.9802152389375,F,New York,22,315.06899999999996,245.3149041127301,3.453149041127301,3,Q1
13634,0.0,0.0,3.0,0.0,1.2170005625344125,1389.001198587492,1690.4152400419507,M,Chicago,21,321.915,425.11229363091206,5.2511229363091205,7,Q3
13649,1.0,1.0,156.0,705.59,0.3234081673050589,1265.9246075370158,409.4103572699223,F,California,34,48.607,742.2868254982252,8.422868254982252,6,Q2
13652,0.0,0.0,189.0,0.0,0.3888325667392796,1389.001198587492,540.0889012507104,F,Washington DC,35,120.53999999999998,348.05782416684127,4.480578241668413,1,Q1
13656,0.0,0.0,40.0,0.0,0.8465147718354847,1389.001198587492,1175.8100327015056,M,Chicago,44,138.323,750.0466536306366,8.500466536306368,5,Q2
13668,1.0,91.0,124.0,2005.76,0.8982477331199845,1500.0742552408226,1347.438299281718,F,Chicago,15,1065.731,26.43324622083039,1.2643324622083039,13,Q4
13672,1.0,5.0,26.0,184.56,1.610543986059924,1172.091500371711,1887.704917035612,F,New Jersey,45,43.228,4266.856937715397,43.66856937715397,3,Q1
13680,2.0,15.0,53.0,1587.85,2.020294864482873,1449.6930848795605,2928.80749445851,M,Washington DC,34,703.363,316.400563358964,4.16400563358964,14,Q4
13694,5.0,233.0,247.0,823.426,2.6001368776374774,1092.9731828976664,2841.879879121034,F,California,44,1277.758,122.41143308208862,2.224114330820886,22,Q4
13700,1.0,1.0,4.0,65.08,2.262290737558223,1150.574160402591,2602.933265952611,M,Chicago,42,385.074,575.9566384519886,6.759566384519887,6,Q2
13705,0.0,0.0,249.0,0.0,0.3201736923733579,1389.001198587492,444.72164246277714,F,Chicago,39,127.77100000000002,248.06148692800173,3.4806148692800174,4,Q1
13715,4.0,196.0,235.0,1478.5725,2.040670677920449,1430.892520433324,2919.9804097039723,M,California,23,958.63,204.5993146160638,3.045993146160638,14,Q4
13747,0.0,0.0,249.0,0.0,0.3201736923733579,1389.001198587492,444.72164246277714,F,Chicago,21,15.371000000000002,2793.251203322992,28.93251203322992,1,Q1
13748,0.0,0.0,251.0,0.0,0.3183038785100923,1389.001198587492,442.1244687655656,F,California,30,0.124,356451.9909399723,3565.5199093997226,1,Q1
13750,0.0,0.0,38.0,0.0,0.8604588021448054,1389.001198587492,1195.1783075142923,M,New York,20,0.5579999999999999,214089.66084485527,2141.896608448553,1,Q1
13756,2.0,85.0,173.0,867.2149999999999,1.023979511202454,1229.7435696327784,1259.2322193369334,F,California,6,502.329,150.6787821003632,2.506787821003632,5,Q2
13758,2.0,215.0,247.0,317.8,1.069423855830124,1062.053181406685,1135.7850083565872,M,Washington DC,46,238.15300000000002,376.9140041723544,4.769140041723544,8,Q3
13764,1.0,1.0,42.0,3748.48,1.2170503151582217,1813.9234242313223,2207.636075133611,M,New York,14,397.998,454.6852183009992,5.546852183009992,8,Q3
13767,8.0,225.0,249.0,800.0962499999999,3.9632015363872153,1013.6852931775971,4017.439111334578,F,Chicago,29,1002.602,300.7012863862807,4.007012863862807,19,Q4
13769,1.0,63.0,171.0,244.0,0.5588788677806066,1182.796142887316,661.0397691521318,F,New York,20,972.477,-32.02515132469643,0.6797484867530357,9,Q3
13777,5.0,228.0,238.0,274.36,2.689667440834288,805.5862556266579,2166.759122542629,F,California,7,1324.1989999999998,63.627908081989894,1.6362790808198988,14,Q4
13782,0.0,0.0,4.0,0.0,1.202483742334164,1389.001198587492,1670.2513593841268,M,New Jersey,17,950.625,75.70034023764647,1.7570034023764647,6,Q2
13784,0.0,0.0,19.0,0.0,1.021615828463983,1389.001198587492,1419.0256102324258,M,New York,30,71.324,1889.548553407585,19.89548553407585,4,Q1
13786,0.0,0.0,170.0,0.0,0.4172577545599406,1389.001198587492,579.571521203683,M,Chicago,21,107.79599999999999,437.6558696089679,5.376558696089679,5,Q2
13787,0.0,0.0,131.0,0.0,0.4912199245508471,1389.001198587492,682.305063971184,F,New Jersey,35,72.38600000000001,842.5925786356256,9.425925786356256,2,Q1
13798,5.0,200.0,222.0,1356.854,2.742741475092949,1372.175016266186,3763.5213281996103,M,California,37,1455.669,158.5423834813828,2.585423834813828,16,Q4
13802,0.0,0.0,111.0,0.0,0.540587337200993,1389.001198587492,750.8764593133999,F,New Jersey,40,335.529,123.78884070032692,2.237888407003269,7,Q3
13807,0.0,0.0,167.0,0.0,0.4221358875385514,1389.001198587492,586.3472537578426,F,Chicago,33,379.494,54.507648014946895,1.545076480149469,3,Q1
13817,0.0,0.0,57.0,0.0,0.7445332750567428,1389.001198587492,1034.1576114420866,M,California,14,12.354,8271.034575377098,83.71034575377098,3,Q1
13829,0.0,0.0,89.0,0.0,0.6081205944091702,1389.001198587492,844.6802345200755,F,New York,38,5.0969999999999995,16472.105837160594,165.72105837160595,1,Q1
13831,0.0,0.0,205.0,0.0,0.3677683750503166,1389.001198587492,510.830713747464,F,California,35,62.798,713.4506094898945,8.134506094898946,2,Q1
13838,1.0,1.0,211.0,2322.85,0.201354503566374,1557.1794890105605,313.54510297346144,F,California,5,1286.0140000000001,-75.61884217641011,0.243811578235899,8,Q3
13842,1.0,127.0,165.0,652.99,0.7589798986269812,1256.4517913135833,953.6216532008724,F,New York,5,2020.8139999999999,-52.81002342616033,0.47189976573839676,12,Q4
13846,0.0,0.0,99.0,0.0,0.5753984323701928,1389.001198587492,799.2291122275617,F,New Jersey,4,357.798,123.37439343639755,2.2337439343639756,6,Q2
13848,0.0,0.0,155.0,0.0,0.4428638277938175,1389.001198587492,615.1383876166572,M,New York,35,4.785,12755.556690003285,128.55556690003283,1,Q1
13854,4.0,141.0,150.0,417.4,2.940578110299348,934.5960724592106,2748.2527526452977,F,Chicago,44,599.874,358.1383344911261,4.581383344911261,13,Q4
13862,1.0,14.0,19.0,369.0,1.911815617773652,1205.307588285207,2304.3258715047536,M,California,32,717.548,221.13891635190308,3.211389163519031,9,Q3
13869,0.0,0.0,73.0,0.0,0.6692504336854147,1389.001198587492,929.5896545442398,F,New Jersey,6,2876.969,-67.68857590942969,0.3231142409057031,13,Q4
13874,0.0,0.0,79.0,0.0,0.6449006757498477,1389.001198587492,895.7678115864219,F,California,39,279.315,220.7016492441945,3.2070164924419453,5,Q2
13880,0.0,0.0,170.0,0.0,0.4172577545599406,1389.001198587492,579.571521203683,F,New York,40,348.84000000000003,66.14250693833361,1.6614250693833361,2,Q1
13890,0.0,0.0,88.0,0.0,0.6116039626600183,1389.001198587492,849.518637195625,F,New York,31,439.076,93.47872286247141,1.934787228624714,6,Q2
13922,0.0,0.0,57.0,0.0,0.7445332750567428,1389.001198587492,1034.1576114420866,F,New Jersey,11,32.091,3122.5783286344663,32.225783286344665,4,Q1
13941,1.0,23.0,235.0,28.03,0.2427377141430578,1143.901767986656,277.6681003652834,F,New York,38,89.84200000000001,209.06268823632973,3.0906268823632974,7,Q3
13948,0.0,0.0,110.0,0.0,0.5433231639401512,1389.001198587492,754.6765259332184,F,Chicago,9,28.564000000000004,2542.0547750077662,26.42054775007766,2,Q1
13953,0.0,0.0,58.0,0.0,0.7393186427771292,1389.001198587492,1026.9144809555105,F,Chicago,16,0.72,142527.0112438209,1426.270112438209,1,Q1
13958,0.0,0.0,223.0,0.0,0.3466686869538776,1389.001198587492,481.523221691688,F,New Jersey,22,46.447,936.7154427448231,10.36715442744823,2,Q1
13959,0.0,0.0,122.0,0.0,0.5122490642522537,1389.001198587492,711.5145642217016,M,California,38,201.562,253.00034938217598,3.5300034938217597,4,Q1
13963,1.0,120.0,174.0,438.32,0.7039325176249367,1217.7915354450615,857.2430614881795,F,Chicago,40,760.992,12.648104249214121,1.1264810424921412,10,Q4
13969,0.0,0.0,141.0,0.0,0.4698231442443493,1389.001198587492,652.5849104795452,F,New York,15,264.999,146.25938606543616,2.4625938606543616,6,Q2
13982,0.0,0.0,145.0,0.0,0.4617858081275857,1389.001198587492,641.4210409799101,F,Chicago,13,865.6510000000001,-25.90304395421364,0.7409695604578636,15,Q4
13983,0.0,0.0,165.0,0.0,0.4254527737902048,1389.001198587492,590.9544127369675,M,California,30,3040.656,-80.5649039964742,0.194350960035258,8,Q3
13984,0.0,0.0,154.0,0.0,0.4446848700836145,1389.001198587492,617.6678175398637,F,New York,34,18.430999999999997,3251.2441947797934,33.51244194779794,3,Q1
13993,0.0,0.0,13.0,0.0,1.0866361847729955,1389.001198587492,1509.33896307823,M,Chicago,49,76.574,1871.0854377180638,19.710854377180638,4,Q1
13999,1.0,1.0,119.0,1481.59,0.4677117336908882,1405.6756605671228,657.4510002109334,F,Chicago,48,499.725,31.56255944988412,1.315625594498841,8,Q3
14001,0.0,0.0,243.0,0.0,0.3259185768378566,1389.001198587492,452.70129386971246,F,New York,10,96.13000000000001,370.92613530605684,4.709261353060568,3,Q1
14016,0.0,0.0,74.0,0.0,0.6650615954947381,1389.001198587492,923.7713532767008,M,California,41,444.384,107.8768257355577,2.078768257355577,8,Q3
14030,1.0,1.0,153.0,4962.16,0.3326700554651612,2032.4969526354205,676.1508739659964,F,California,5,420.706,60.718143778790036,1.6071814377879003,6,Q2
14031,3.0,184.0,223.0,362.54,1.618813850190851,981.283300422642,1588.5149976851624,F,Chicago,17,600.701,164.44354140997973,2.644435414099797,14,Q4
14032,4.0,107.0,164.0,330.345,2.2100880207688656,893.8815917518925,1975.5569979166632,M,New York,50,1196.844,65.06386779869916,1.6506386779869917,9,Q3
14037,0.0,0.0,135.0,0.0,0.4824274504234578,1389.001198587492,670.0923068696908,M,California,24,132.721,404.887927961431,5.04887927961431,5,Q2
14040,0.0,0.0,16.0,0.0,1.053070026506383,1389.001198587492,1462.7155290139278,F,New York,10,1517.998,-3.641801305803579,0.9635819869419642,7,Q3
14045,1.0,203.0,248.0,150.72,0.5816661675127023,1165.997201873594,678.221123744348,F,California,14,11.520999999999999,5786.825134487875,58.86825134487875,4,Q1
14047,2.0,196.0,235.0,58.010000000000005,1.0884258769736976,982.7610507636252,1069.6625585329914,F,California,10,28.383,3668.673355645955,37.68673355645955,5,Q2
14051,2.0,98.0,159.0,822.895,1.243226725458948,1216.2163852527003,1512.0327140872332,M,Chicago,6,563.327,168.41119173894262,2.684111917389426,17,Q4
14057,1.0,6.0,107.0,693.47,0.5748313160726605,1263.7418977912364,726.438418283498,M,New York,39,625.8,16.081562525327268,1.1608156252532726,7,Q3
14060,3.0,206.0,231.0,586.6833333333334,1.6405762964164736,1070.3146723635275,1755.9328811863672,F,Chicago,22,549.367,219.6283870684565,3.196283870684565,17,Q4
14062,2.0,69.0,130.0,490.75,1.3336283241399154,1114.840332546903,1486.7826443781123,F,California,18,1247.324,19.197790179465176,1.1919779017946517,11,Q4
14078,0.0,0.0,243.0,0.0,0.3259185768378566,1389.001198587492,452.70129386971246,F,New York,7,120.112,276.8993055395901,3.7689930553959012,3,Q1
14081,0.0,0.0,191.0,0.0,0.3860668824269738,1389.001198587492,536.247362426003,F,California,49,1558.341,-65.58857384705897,0.34411426152941044,9,Q3
14082,0.0,0.0,137.0,0.0,0.4781502337847082,1389.001198587492,664.1512478318492,F,New York,31,241.70600000000002,174.77648375789147,2.7477648375789148,3,Q1
14083,1.0,157.0,218.0,2055.57,0.6088590615919888,1509.0446160029742,918.795488800014,M,Chicago,41,1123.835,-18.244627654414217,0.8175537234558579,15,Q4
14085,3.0,171.0,184.0,1808.746666666667,1.9564916160339976,1555.727169569117,3043.7671640982785,F,New York,5,3012.578,1.03529814326064,1.0103529814326064,21,Q4
14092,2.0,177.0,235.0,918.925,1.036116150838807,1245.5263021303826,1290.5099179318252,F,Chicago,41,407.98400000000004,216.31385493838607,3.1631385493838606,10,Q4
14099,1.0,60.0,65.0,2707.27,1.3388115506385754,1626.4102877294183,2177.456879289554,M,New York,32,1151.5990000000002,89.08117142247896,1.8908117142247896,9,Q3
14107,1.0,68.0,132.0,17.990000000000002,0.7690990927194047,1142.0936486922974,878.3831890098404,M,Chicago,11,103.934,745.1355562278374,8.451355562278373,5,Q2
14113,1.0,1.0,65.0,169.24,0.884663195409709,1169.3324976237454,1034.4654238442386,M,Chicago,23,92.428,1019.2121693039323,11.192121693039324,6,Q2
14114,0.0,0.0,13.0,0.0,1.0866361847729955,1389.001198587492,1509.33896307823,M,California,18,203.842,640.445523041488,7.4044552304148805,5,Q2
14119,0.0,0.0,63.0,0.0,0.7143370931938443,1389.001198587492,992.2150786417546,M,California,8,1.5190000000000001,65220.28167490155,653.2028167490155,1,Q1
14135,7.0,235.0,235.0,777.5757142857143,3.828335225824473,1018.5278964833916,3899.266224592269,F,Chicago,21,1086.061,259.0282888891387,3.5902828888913874,20,Q4
14142,0.0,0.0,237.0,0.0,0.3318754436312696,1389.001198587492,460.97538898558906,F,Chicago,21,357.85400000000004,28.816609283559497,1.288166092835595,5,Q2
14146,0.0,0.0,73.0,0.0,0.6692504336854147,1389.001198587492,929.5896545442398,M,California,29,2651.064,-64.935223949922,0.35064776050078,12,Q4
14150,0.0,0.0,98.0,0.0,0.5785076358599254,1389.001198587492,803.5477996014527,M,Chicago,48,204.639,292.66601166026646,3.9266601166026645,4,Q1
14156,4.0,217.0,223.0,783.6500000000001,2.2900308909956486,1105.8863896041792,2532.51399412522,F,California,5,2471.689,2.460867614219273,1.0246086761421926,13,Q4
14159,0.0,0.0,128.0,0.0,0.4980315192265186,1389.001198587492,691.766377139984,F,California,13,448.60400000000004,54.20423739868212,1.5420423739868212,6,Q2
14161,0.0,0.0,198.0,0.0,0.3766928826695793,1389.001198587492,523.2268655274231,F,Chicago,41,497.688,5.1315011668802795,1.0513150116688028,6,Q2
14167,0.0,0.0,15.0,0.0,1.064013422692855,1389.001198587492,1477.9159194335552,M,California,29,224.908,557.1202089003306,6.571202089003305,8,Q3
14175,0.0,0.0,9.0,0.0,1.135077567360674,1389.001198587492,1576.6241015537505,M,California,37,234.715,571.718510343928,6.717185103439279,10,Q4
14176,2.0,173.0,173.0,183.285,1.442964113265463,1020.9970169913836,1473.2620552696546,F,New York,13,122.769,1100.0277393068727,12.000277393068727,8,Q3
14180,3.0,176.0,229.0,5641.09,1.5237975760859663,3077.961980843923,4690.191005694729,F,California,11,2896.589,61.92117713955032,1.6192117713955032,22,Q4
14185,0.0,0.0,16.0,0.0,1.053070026506383,1389.001198587492,1462.7155290139278,F,California,19,19.68,7332.497606778088,74.32497606778088,1,Q1
14189,1.0,136.0,187.0,3589.06,0.6824575436172414,1785.213227228668,1218.332233887485,F,New York,7,653.409,86.45782869343475,1.8645782869343475,11,Q4
14201,0.0,0.0,93.0,0.0,0.5945844147380472,1389.001198587492,825.87846473259,F,California,12,96.58800000000001,755.0528686095478,8.550528686095477,2,Q1
14205,0.0,0.0,145.0,0.0,0.4617858081275857,1389.001198587492,641.4210409799101,M,Chicago,26,148.057,333.2257448009281,4.3322574480092815,7,Q3
14206,0.0,0.0,110.0,0.0,0.5433231639401512,1389.001198587492,754.6765259332184,F,Chicago,24,59.6,1166.235781767145,12.662357817671449,1,Q1
14209,0.0,0.0,21.0,0.0,1.0017200247584062,1389.001198587492,1391.390315038518,F,California,29,452.144,207.7316773060171,3.077316773060171,6,Q2
14210,1.0,164.0,217.0,2673.19,0.6224164336230226,1620.2727672561373,1008.4843972920706,F,New York,18,403.843,149.72189620522596,2.4972189620522594,12,Q4
14213,0.0,0.0,221.0,0.0,0.3488915073914823,1389.001198587492,484.6107219437658,F,California,25,6.453,7409.851572040381,75.09851572040381,4,Q1
14215,2.0,164.0,175.0,1162.36,1.4007235960532507,1319.8266209382402,1848.7122906474224,F,New York,29,569.764,224.46983148240713,3.244698314824072,9,Q3
14217,3.0,134.0,157.0,187.7633333333333,2.0960447620084497,911.8607296721336,1911.3009061104783,F,New York,10,177.511,976.7225164133368,10.767225164133368,7,Q3
14220,0.0,0.0,79.0,0.0,0.6449006757498477,1389.001198587492,895.7678115864219,F,California,19,278.505,221.63437338159886,3.2163437338159886,4,Q1
14221,0.0,0.0,52.0,0.0,0.7717913028071651,1389.001198587492,1072.0190446585543,F,New York,39,174.461,514.4748939066922,6.144748939066922,8,Q3
14229,1.0,14.0,26.0,35.11,1.7212089022500734,1145.176816253993,1971.0885307867688,M,Chicago,29,349.18399999999997,464.4842062599572,5.644842062599572,7,Q3
14236,0.0,0.0,221.0,0.0,0.3488915073914823,1389.001198587492,484.6107219437658,F,Chicago,18,25.583000000000002,1794.268545298697,18.942685452986975,3,Q1
14237,0.0,0.0,243.0,0.0,0.3259185768378566,1389.001198587492,452.70129386971246,F,Chicago,39,72.715,522.5693376465824,6.225693376465824,4,Q1
14243,1.0,78.0,152.0,1097.44,0.6948494809029108,1336.4934865703244,928.6618053735112,M,New York,46,507.696,82.91690408699522,1.8291690408699521,12,Q4
14256,0.0,0.0,135.0,0.0,0.4824274504234578,1389.001198587492,670.0923068696908,F,Chicago,7,288.209,132.5022143200562,2.325022143200562,5,Q2
14258,0.0,0.0,44.0,0.0,0.8199893717117804,1389.001198587492,1138.9662201366675,F,California,31,112.04299999999999,916.5438448958593,10.165438448958593,7,Q3
14264,0.0,0.0,222.0,0.0,0.3477765080966738,1389.001198587492,483.0619865868525,M,Chicago,16,1.701,28298.70585460626,283.9870585460626,2,Q1
14270,0.0,0.0,18.0,0.0,1.0318787751719125,1389.001198587492,1433.2808555107797,M,New York,6,284.748,403.35063126370676,5.033506312637067,5,Q2
14282,0.0,0.0,172.0,0.0,0.4140686844662978,1389.001198587492,575.1418990212336,F,New Jersey,37,327.12600000000003,75.81662693311858,1.758166269331186,5,Q2
14290,0.0,0.0,120.0,0.0,0.5171739890887517,1389.001198587492,718.3552907225505,F,New York,17,618.2139999999999,16.19848316643599,1.16198483166436,6,Q2
14293,0.0,0.0,189.0,0.0,0.3888325667392796,1389.001198587492,540.0889012507104,F,California,18,273.531,97.45070988323457,1.9745070988323457,5,Q2
14295,0.0,0.0,22.0,0.0,0.9920739694221792,1389.001198587492,1377.9919326148574,F,Chicago,7,42.599999999999994,3134.7228465137505,32.347228465137505,2,Q1
14298,5.0,70.0,106.0,2445.5240000000003,3.661992103347065,1941.99636035256,7111.575336339815,M,Chicago,41,2080.827,241.76677524560256,3.4176677524560257,21,Q4
14299,6.0,151.0,157.0,380.9083333333333,4.254589687231583,815.8266137575438,3471.0074974619097,F,Washington DC,18,325.54,966.2307235552956,10.662307235552957,12,Q4
14307,0.0,0.0,248.0,0.0,0.3211169376218697,1389.001198587492,446.031811243522,F,California,28,1267.451,-64.8087530607872,0.35191246939212795,16,Q4
14309,0.0,0.0,84.0,0.0,0.6259566760860839,1389.001198587492,869.4545733474129,F,New Jersey,49,245.31900000000002,254.41795105450979,3.5441795105450975,7,Q3
14312,0.0,0.0,40.0,0.0,0.8465147718354847,1389.001198587492,1175.8100327015056,M,Chicago,27,538.764,118.24213063632789,2.182421306363279,8,Q3
14320,1.0,1.0,24.0,313.27,1.6044511530589431,1195.2710854690113,1917.7540712987695,F,Chicago,29,466.477,311.1143896266632,4.111143896266632,11,Q4
14321,0.0,0.0,26.0,0.0,0.9553607377969702,1389.001198587492,1326.997209883422,F,Washington DC,24,436.518,203.99598868395395,3.0399598868395397,6,Q2
14329,1.0,1.0,8.0,97.46,2.1041558667515163,1156.4055252184603,2433.257470232292,F,California,22,1244.103,95.58328130647476,1.9558328130647475,10,Q4
14334,0.0,0.0,80.0,0.0,0.6410182116907929,1389.001198587492,890.375064354922,M,California,41,507.79,75.34316633941629,1.753431663394163,9,Q3
14344,2.0,108.0,187.0,899.37,1.062027139147682,1239.5577982821785,1316.4440223178217,F,New York,15,398.577,230.28599801740233,3.3028599801740235,4,Q1
14355,0.0,0.0,149.0,0.0,0.4540231639035437,1389.001198587492,630.6387188485076,F,New York,7,127.043,396.39784864062364,4.963978486406237,6,Q2
14373,0.0,0.0,81.0,0.0,0.6371834608781161,1389.001198587492,885.0485908798295,F,Chicago,40,44.538,1887.17632331903,19.8717632331903,2,Q1
14388,1.0,81.0,234.0,172.99,0.4140807475166058,1170.0078409856822,484.47772139564137,F,California,6,152.24,218.23287007070502,3.18232870070705,5,Q2
14390,0.0,0.0,232.0,0.0,0.3370101028004926,1389.001198587492,468.1074367259782,M,Chicago,37,348.594,34.284421626872,1.34284421626872,4,Q1
14395,1.0,193.0,222.0,1596.86,0.6447360600078458,1426.434815055242,919.6739625167368,M,New Jersey,4,477.29600000000005,92.68419649792511,1.9268419649792512,10,Q4
14396,0.0,0.0,213.0,0.0,0.3580785927418542,1389.001198587492,497.3715945069579,M,New Jersey,9,850.3720000000001,-41.51129217484139,0.5848870782515861,6,Q2
14401,0.0,0.0,99.0,0.0,0.5753984323701928,1389.001198587492,799.2291122275617,F,California,20,485.78000000000003,64.52491091184521,1.645249109118452,10,Q4
14404,1.0,188.0,191.0,1124.67,0.7462812575172387,1341.3973798358008,1001.0597234541906,M,Chicago,32,1007.979,-0.6864504663102556,0.9931354953368975,7,Q3
14409,0.0,0.0,177.0,0.0,0.4063080934980786,1389.001198587492,564.3624288646299,M,New York,15,334.93,68.50160596680797,1.6850160596680797,5,Q2
14413,0.0,0.0,123.0,0.0,0.5098222827074944,1389.001198587492,708.1437617473209,F,Chicago,34,432.458,63.748563270264604,1.637485632702646,6,Q2
14414,0.0,0.0,87.0,0.0,0.6151284965058547,1389.001198587492,854.414218931954,F,New Jersey,7,71.751,1090.8046144749956,11.908046144749953,3,Q1
14415,1.0,1.0,103.0,9319.48,0.5572029843696237,2817.213522724525,1569.7597824685658,M,New Jersey,47,2181.88,-28.054715086596616,0.7194528491340338,14,Q4
14419,1.0,1.0,138.0,1457.62,0.3847508652141772,1401.3588657976231,539.1740360911934,M,New York,20,148.53900000000002,262.9848296347716,3.629848296347716,5,Q2
14426,1.0,55.0,94.0,326.8,0.9939143343815716,1197.707724318879,1190.4188756000651,F,California,13,742.634,60.29684549859892,1.6029684549859893,7,Q3
14437,0.0,0.0,151.0,0.0,0.4502404305611768,1389.001198587492,625.3844977020229,F,New York,3,16.6,3667.3764921808606,37.673764921808605,3,Q1
14440,0.0,0.0,148.0,0.0,0.4559388564181093,1389.001198587492,633.2996180473641,F,New Jersey,10,976.255,-35.12969274960291,0.6487030725039709,11,Q4
14441,0.0,0.0,143.0,0.0,0.4657692237617612,1389.001198587492,646.954010070252,M,New Jersey,19,2.079,31018.519002898127,311.18519002898125,2,Q1
14443,1.0,35.0,223.0,850.3399999999999,0.3058547104002651,1291.9928613077736,395.162102434499,F,New Jersey,41,530.481,-25.508717101178174,0.7449128289882182,8,Q3
14448,0.0,0.0,130.0,0.0,0.4934692770677942,1389.001198587492,685.4294173132693,F,California,42,136.946,400.51072489395034,5.005107248939503,8,Q3
14449,1.0,1.0,228.0,5257.54,0.1764875823784018,2085.6923985684525,368.0988090083563,M,New Jersey,39,604.9350000000001,-39.150684121706256,0.6084931587829374,8,Q3
14462,0.0,0.0,54.0,0.0,0.760643860109268,1389.001198587492,1056.5352333899898,F,Chicago,42,2444.3849999999998,-56.777052985107105,0.43222947014892904,11,Q4
14466,0.0,0.0,229.0,0.0,0.3401686598091096,1389.001198587492,472.4946761967541,F,Chicago,18,379.051,24.652006246324135,1.2465200624632413,8,Q3
14472,2.0,38.0,70.0,1709.0,2.006643273176331,1486.6700340593084,2983.216423277938,F,Washington DC,10,682.16,337.3191660721734,4.373191660721734,11,Q4
14479,0.0,0.0,148.0,0.0,0.4559388564181093,1389.001198587492,633.2996180473641,F,California,17,35.106,1703.9640461669346,18.039640461669347,2,Q1
14487,1.0,1.0,181.0,1757.08,0.2582093906425498,1455.2890853084425,375.7693079262466,F,Chicago,41,419.355,-10.393507189315358,0.8960649281068465,5,Q2
14491,1.0,1.0,232.0,398.48,0.1712476662678222,1210.6166875678457,207.3152824908748,F,California,6,53.269000000000005,289.18560981222623,3.891856098122262,2,Q1
14496,0.0,0.0,239.0,0.0,0.3298655418655236,1389.001198587492,458.1836330239248,F,California,47,192.40099999999998,138.1399436717714,2.381399436717714,9,Q3
14498,0.0,0.0,118.0,0.0,0.5221964563802899,1389.001198587492,725.3315038103635,F,Chicago,25,132.1,449.077595617232,5.490775956172321,6,Q2
14505,3.0,85.0,121.0,1555.1033333333332,2.257661160546875,1454.9781817919834,3284.8477304748712,F,California,8,1815.659,80.91765747174281,1.8091765747174282,18,Q4
14506,0.0,0.0,194.0,0.0,0.38199223653107,1389.001198587492,530.587674392773,F,California,34,1231.68,-56.921629449794345,0.4307837055020565,7,Q3
14514,0.0,0.0,15.0,0.0,1.064013422692855,1389.001198587492,1477.9159194335552,F,Chicago,29,239.244,517.7441939750026,6.177441939750026,6,Q2
14524,0.0,0.0,109.0,0.0,0.546087420504399,1389.001198587492,758.5160816141619,F,New York,15,172.024,340.9361958878772,4.409361958878772,6,Q2
14525,0.0,0.0,111.0,0.0,0.540587337200993,1389.001198587492,750.8764593133999,F,New Jersey,48,440.208,70.57310619375383,1.7057310619375383,4,Q1
14527,7.0,225.0,250.0,1716.4314285714286,3.467692181009,1587.3968520650017,5504.603652064106,M,California,43,2625.297,109.67546346429017,2.096754634642902,26,Q4
14532,0.0,0.0,58.0,0.0,0.7393186427771292,1389.001198587492,1026.9144809555105,F,Chicago,44,356.498,188.05616888608364,2.8805616888608365,8,Q3
14533,0.0,0.0,58.0,0.0,0.7393186427771292,1389.001198587492,1026.9144809555105,F,Chicago,30,127.57900000000001,704.9243848560583,8.049243848560582,4,Q1
14543,0.0,0.0,135.0,0.0,0.4824274504234578,1389.001198587492,670.0923068696908,M,Chicago,11,265.596,152.29758989958086,2.5229758989958087,4,Q1
14544,0.0,0.0,117.0,0.0,0.524745193590844,1389.001198587492,728.8717028507078,M,California,6,819.138,-11.019669109392092,0.8898033089060791,6,Q2
14553,0.0,0.0,52.0,0.0,0.7717913028071651,1389.001198587492,1072.0190446585543,F,California,25,73.103,1366.4501383781164,14.664501383781163,7,Q3
14560,1.0,20.0,77.0,155.0,0.9386526031321462,1166.7679937640178,1095.1898145978669,M,Chicago,40,483.43,126.54568698629932,2.265456869862993,10,Q4
14565,0.0,0.0,116.0,0.0,0.5273194418430703,1389.001198587492,732.4473367585119,F,California,39,322.086,127.4073808729693,2.274073808729693,6,Q2
14573,0.0,0.0,221.0,0.0,0.3488915073914823,1389.001198587492,484.6107219437658,M,California,40,671.789,-27.862658968252564,0.7213734103174744,6,Q2
14576,0.0,0.0,222.0,0.0,0.3477765080966738,1389.001198587492,483.0619865868525,F,Chicago,26,5.983,7973.90918580733,80.7390918580733,1,Q1
14577,0.0,0.0,128.0,0.0,0.4980315192265186,1389.001198587492,691.766377139984,M,California,36,488.126,41.718813818559966,1.4171881381855997,7,Q3
14587,0.0,0.0,17.0,0.0,1.0423610498064495,1389.001198587492,1447.8407475420747,F,Chicago,30,2411.428,-39.95919647851502,0.6004080352148498,13,Q4
14589,0.0,0.0,219.0,0.0,0.3511433239294597,1389.001198587492,487.7384978140155,F,New York,48,37.53,1199.5963171170142,12.995963171170143,2,Q1
14594,1.0,1.0,242.0,3115.88,0.1590386337093603,1699.997501361676,270.3652799258874,M,California,5,466.98,-42.103456266673646,0.5789654373332636,6,Q2
14606,15.0,220.0,236.0,1822.216,7.7427605845858,1721.3446462497836,13327.959479470612,F,Chicago,33,12714.41,4.825622891432728,1.0482562289143273,36,Q4
14608,0.0,0.0,121.0,0.0,0.5146995151755083,1389.001198587492,714.918243491182,F,California,48,1.1179999999999999,63846.17562532934,639.4617562532934,1,Q1
14618,1.0,111.0,155.0,555.61,0.7720490697807626,1238.9144748908104,956.502767877372,M,Chicago,13,52.463,1723.1949523995424,18.231949523995425,4,Q1
14621,0.0,0.0,85.0,0.0,0.6223040759531193,1389.001198587492,864.3811073847643,F,New Jersey,41,969.756,-10.866124325627858,0.8913387567437214,4,Q1
14625,1.0,109.0,222.0,2824.37,0.5103157766595938,1647.4990097781624,840.7447367208547,F,Chicago,14,350.644,139.77160217224727,2.3977160217224727,6,Q2
14639,2.0,35.0,116.0,1268.1899999999998,1.1071566604601744,1352.127657105741,1497.017141357032,M,Chicago,46,580.703,157.79393964850053,2.5779393964850055,8,Q3
14643,1.0,20.0,79.0,47.61,0.9178220877719616,1147.4279607937815,1053.1347265436734,F,Washington DC,4,333.245,216.02416436665916,3.1602416436665917,7,Q3
14646,4.0,58.0,66.0,2190.1325,4.463072994312911,1763.6797916078604,7871.431648540463,M,California,45,3549.366,121.77007523429432,2.2177007523429433,31,Q4
14653,0.0,0.0,48.0,0.0,0.7951337956251753,1389.001198587492,1104.4417951607902,M,California,2,228.65900000000002,383.0082328536336,4.830082328536336,5,Q2
14667,5.0,70.0,180.0,4911.646,0.9591975939573424,3232.790588834079,3100.884954577589,F,California,30,3302.932,-6.117202698160633,0.9388279730183937,18,Q4
14669,1.0,1.0,22.0,3421.94,1.657347717867822,1755.116325189504,2908.838036145383,F,New York,39,1165.18,149.6470962551179,2.4964709625511787,12,Q4
14672,0.0,0.0,34.0,0.0,0.8898342530793378,1389.001198587492,1235.980844071406,M,New York,8,449.31,175.08420557552827,2.7508420557552826,7,Q3
14673,0.0,0.0,172.0,0.0,0.4140686844662978,1389.001198587492,575.1418990212336,M,New York,9,490.449,17.268441575216503,1.172684415752165,3,Q1
14679,0.0,0.0,221.0,0.0,0.3488915073914823,1389.001198587492,484.6107219437658,M,California,26,15.371000000000002,3052.75988513282,31.527598851328197,1,Q1
14680,3.0,175.0,219.0,741.7466666666666,1.6115763710734112,1131.906962881768,1824.1545156337256,F,California,37,982.167,85.72753061686308,1.8572753061686307,9,Q3
14684,0.0,0.0,124.0,0.0,0.5074188239234055,1389.001198587492,704.8053546154658,F,Chicago,4,591.744,19.10646404787641,1.1910646404787641,7,Q3
14688,1.0,1.0,251.0,1959.95,0.149039179425528,1491.8242607314037,222.3402636665034,F,New York,46,1323.228,-83.19713128300614,0.16802868716993852,18,Q4
14696,1.0,96.0,239.0,125.0,0.4367231023990253,1161.365246868524,507.1950336308317,M,New York,48,623.4060000000001,-18.641297383914875,0.8135870261608512,10,Q4
14702,2.0,111.0,141.0,2064.57,1.508099264832426,1595.1957775165345,2405.713579336476,F,New York,50,1313.676,83.12838015891865,1.8312838015891864,14,Q4
14708,1.0,78.0,186.0,85.0,0.5497805530816919,1154.161584341199,634.5355941847462,F,Chicago,16,462.89300000000003,37.08040393454775,1.3708040393454775,7,Q3
14709,0.0,0.0,83.0,0.0,0.6296535520745015,1389.001198587492,874.5895385263543,M,New York,45,595.769,46.80010851963669,1.468001085196367,10,Q4
14713,1.0,63.0,141.0,1442.31,0.6986568889323364,1398.6016639652894,977.142687401578,F,Chicago,42,1676.949,-41.73092399342032,0.5826907600657968,10,Q4
14715,0.0,0.0,16.0,0.0,1.053070026506383,1389.001198587492,1462.7155290139278,F,New Jersey,2,95.67,1428.9176638590234,15.289176638590236,6,Q2
14723,1.0,137.0,215.0,3936.42,0.585622435550446,1847.7698326159596,1082.095469713198,M,Chicago,4,1658.353,-34.74878571008717,0.6525121428991283,15,Q4
14729,1.0,1.0,245.0,4001.73,0.1556069519812376,1859.5316126074492,289.3560463506007,M,Washington DC,43,806.744,-64.1328542448905,0.35867145755109514,9,Q3
14732,0.0,0.0,53.0,0.0,0.7661756188598176,1389.001198587492,1064.2188529248,F,New York,33,28.596,3621.5654389592955,37.215654389592956,4,Q1
14733,5.0,154.0,173.0,1651.768,3.236538853101845,1526.5361099583872,4940.693430543271,M,New York,30,2268.801,117.7667160118173,2.177667160118173,19,Q4
14735,0.0,0.0,81.0,0.0,0.6371834608781161,1389.001198587492,885.0485908798295,M,Chicago,46,982.431,-9.91239172218411,0.9008760827781589,9,Q3
14737,0.0,0.0,59.0,0.0,0.7341789265813142,1389.001198587492,1019.7754089991236,F,New Jersey,21,13.741,7321.406076698374,74.21406076698374,3,Q1
14739,2.0,121.0,169.0,242.035,1.2824354817116617,1038.9284719175923,1332.358735347598,F,New York,27,193.388,588.9562616851088,6.889562616851086,6,Q2
14741,1.0,117.0,235.0,626.35,0.4904416477326721,1251.654152070385,613.8633247328402,M,California,32,175.898,248.98823450683926,3.489882345068393,8,Q3
14744,0.0,0.0,165.0,0.0,0.4254527737902048,1389.001198587492,590.9544127369675,F,California,31,271.654,117.53937462248575,2.1753937462248576,7,Q3
14748,1.0,172.0,189.0,97.67,0.7328243475997969,1156.443344446729,847.4698394303014,F,Chicago,31,454.22499999999997,86.57489997915162,1.8657489997915162,7,Q3
14755,0.0,0.0,30.0,0.0,0.9213818773384976,1389.001198587492,1279.8005319799663,F,New Jersey,50,540.818,136.6416302674775,2.3664163026747747,7,Q3
14761,0.0,0.0,31.0,0.0,0.9132778488323244,1389.001198587492,1268.544026671505,F,California,17,171.74200000000002,638.633547222872,7.38633547222872,4,Q1
14766,2.0,90.0,234.0,329.03,0.6523675196063127,1065.480759939814,695.0850405501856,M,New York,24,75.97800000000001,814.8504047884722,9.148504047884723,2,Q1
14769,1.0,16.0,75.0,20.99,0.9257388136738142,1142.633923381847,1057.7805726949668,F,Chicago,26,1550.66,-31.78513841235559,0.682148615876444,9,Q3
14775,0.0,0.0,223.0,0.0,0.3466686869538776,1389.001198587492,481.523221691688,F,Chicago,25,140.904,241.73850401102027,3.4173850401102026,4,Q1
14777,0.0,0.0,81.0,0.0,0.6371834608781161,1389.001198587492,885.0485908798295,M,Chicago,40,8.634,10150.736517023737,102.50736517023736,1,Q1
14794,0.0,0.0,28.0,0.0,0.9380495951030824,1389.001198587492,1302.9520119326928,F,New York,31,154.672,742.3968216178059,8.423968216178059,4,Q1
14796,3.0,47.0,166.0,2223.04,0.7951506472339821,1720.2875127392426,1367.887729183146,F,Chicago,3,2454.672,-44.27411364193889,0.5572588635806112,24,Q4
14800,3.0,176.0,208.0,2249.9500000000003,1.724104887322066,1730.9763616258,2984.3848049180096,M,Chicago,21,2094.1620000000003,42.50973921396765,1.4250973921396766,9,Q3
14810,1.0,174.0,206.0,2625.52,0.6730153590688055,1611.6878024391976,1084.6906450654303,M,California,21,960.742,12.901345529333616,1.1290134552933362,11,Q4
14813,1.0,1.0,207.0,125.5,0.2078875060802172,1161.4552926501156,241.4520442127013,F,New York,32,551.354,-56.207437651182126,0.4379256234881787,5,Q2
14821,0.0,0.0,166.0,0.0,0.423787746769741,1389.001198587492,588.6416882098629,M,Chicago,41,107.10000000000001,449.6187564984713,5.496187564984714,1,Q1
14825,2.0,98.0,185.0,640.7950000000001,1.0162402502839007,1160.636505387805,1179.485532723935,F,California,34,589.215,100.17914220173193,2.0017914220173196,7,Q3
14828,0.0,0.0,38.0,0.0,0.8604588021448054,1389.001198587492,1195.1783075142923,F,New York,25,56.294000000000004,2023.1006990341637,21.23100699034164,2,Q1
14829,3.0,135.0,224.0,127.73000000000002,1.2909171842331846,888.0150504392715,1146.3538884697537,M,California,15,482.949,137.36541300836188,2.3736541300836187,7,Q3
14841,0.0,0.0,88.0,0.0,0.6116039626600183,1389.001198587492,849.518637195625,F,California,50,671.457,26.518695492879672,1.2651869549287966,4,Q1
14849,2.0,160.0,247.0,1321.21,0.9159043346299348,1368.310222896168,1253.2412642690524,F,New Jersey,45,677.193,85.06411972200723,1.8506411972200723,8,Q3
14850,0.0,0.0,174.0,0.0,0.4109286563199133,1389.001198587492,570.7803961623072,F,California,21,423.597,34.74609030807754,1.3474609030807754,5,Q2
14865,0.0,0.0,222.0,0.0,0.3477765080966738,1389.001198587492,483.0619865868525,F,New Jersey,8,3.133,15318.512179599506,154.18512179599506,2,Q1
14866,0.0,0.0,155.0,0.0,0.4428638277938175,1389.001198587492,615.1383876166572,F,Chicago,43,1.5190000000000001,40396.273049154515,404.9627304915452,1,Q1
14867,1.0,154.0,187.0,933.8,0.7135740649983348,1307.0233031710377,932.657931491308,F,Chicago,50,154.06300000000002,505.374380280345,6.053743802803449,7,Q3
14871,0.0,0.0,107.0,0.0,0.551703046013983,1389.001198587492,766.3161921777926,M,California,27,162.27,372.24760718419464,4.722476071841946,4,Q1
14878,0.0,0.0,86.0,0.0,0.6186949450434522,1389.001198587492,859.3680202253776,M,New York,12,274.893,212.61909914962467,3.1261909914962462,3,Q1
14889,0.0,0.0,34.0,0.0,0.8898342530793378,1389.001198587492,1235.980844071406,M,Chicago,6,99.152,1146.551601653427,12.46551601653427,4,Q1
14896,1.0,1.0,149.0,727.0699999999999,0.3455825543392907,1269.7929743141897,438.8182995455829,F,Washington DC,40,330.469,32.786524468432106,1.327865244684321,6,Q2
14898,2.0,124.0,213.0,304.14,0.9634301164266892,1057.8839273761828,1019.1972353179588,F,California,25,326.815,211.85754488562606,3.1185754488562605,5,Q2
14901,4.0,126.0,234.0,628.8075,1.2987506515857032,1033.4685850102685,1342.217998175441,F,Chicago,4,831.525,61.41643344162123,1.6141643344162124,12,Q4
14907,2.0,65.0,173.0,1246.81,0.859443428631133,1345.6021335938713,1156.4689112692845,M,Chicago,46,1209.0939999999998,-4.35243982111526,0.9564756017888474,10,Q4
14911,17.0,213.0,241.0,2025.795882352941,7.994648861114782,1891.2813801561736,15120.130531913148,F,California,34,8806.947,71.68413221872628,1.716841322187263,35,Q4
14913,0.0,0.0,92.0,0.0,0.5979102592763309,1389.001198587492,830.4980667825816,M,Washington DC,4,176.721,369.94871395169883,4.699487139516988,4,Q1
14932,0.0,0.0,149.0,0.0,0.4540231639035437,1389.001198587492,630.6387188485076,M,New Jersey,35,72.217,773.2552153211952,8.732552153211952,4,Q1
14944,0.0,0.0,58.0,0.0,0.7393186427771292,1389.001198587492,1026.9144809555105,F,California,18,3.7979999999999996,26938.29597039259,270.3829597039259,1,Q1
14952,1.0,31.0,164.0,311.59,0.4559420568163017,1194.9685316428636,544.8364101480032,F,New York,28,115.756,370.6766043643554,4.706766043643554,5,Q2
14961,1.0,69.0,108.0,670.6800000000001,0.937498793902626,1259.637611066293,1180.908741129035,M,Washington DC,34,652.842,80.88737261527828,1.8088737261527827,7,Q3
14976,0.0,0.0,1.0,0.0,1.2471835961273716,1389.001198587492,1732.3395098795777,M,New Jersey,17,250.113,592.6227384740407,6.926227384740408,5,Q2
14978,1.0,1.0,13.0,183.59,1.927386275814606,1171.9168115554237,2258.736378988335,M,Chicago,36,513.402,339.95472923524545,4.399547292352455,12,Q4
14985,1.0,1.0,78.0,1187.61,0.7491280218625608,1352.732342822547,1013.369704088162,F,New York,4,1365.03,-25.762092841317617,0.7423790715868238,5,Q2
14987,0.0,0.0,149.0,0.0,0.4540231639035437,1389.001198587492,630.6387188485076,F,California,3,29.734,2020.9346836904133,21.209346836904135,2,Q1
15002,2.0,121.0,172.0,1471.075,1.256120873856235,1414.0514568113383,1776.2195516075408,M,Chicago,41,643.8149999999999,175.88974342125312,2.7588974342125314,13,Q4
15005,4.0,127.0,156.0,1571.0024999999998,2.680773164054026,1474.1208180816775,3951.783529686728,F,New York,30,2655.015,48.842229881440524,1.4884222988144051,20,Q4
15012,1.0,1.0,244.0,1596.75,0.1567395812927389,1426.4150049832915,223.5756906307612,F,California,42,521.774,-57.1508563802027,0.42849143619797303,7,Q3
15018,0.0,0.0,173.0,0.0,0.412492611957505,1389.001198587492,572.9527324174596,F,California,22,59.843999999999994,857.4104879644738,9.574104879644738,2,Q1
15021,2.0,11.0,174.0,2071.325,0.3204558657904431,1597.257513312731,511.8505393189215,F,Chicago,35,1056.987,-51.57456626061423,0.4842543373938577,9,Q3
15023,0.0,0.0,197.0,0.0,0.378003722247194,1389.001198587492,525.0476232718858,F,Chicago,40,1756.006,-70.0998958276973,0.299001041723027,16,Q4
15024,1.0,5.0,171.0,12.5,0.3032100648263575,1141.104946010422,345.9945046534973,F,New York,9,1282.3500000000001,-73.01871527636781,0.2698128472363218,9,Q3
15028,0.0,0.0,183.0,0.0,0.397375786466943,1389.001198587492,551.9554436922311,F,California,8,245.148,125.15192605782268,2.251519260578227,5,Q2
15032,1.0,1.0,158.0,13.69,0.3174254199926831,1141.31925497061,362.283743854782,F,California,4,173.442,108.87890122045525,2.0887890122045527,4,Q1
15033,0.0,0.0,8.0,0.0,1.147911564465286,1389.001198587492,1594.4505389147253,M,Chicago,10,863.706,84.6057036670725,1.846057036670725,11,Q4
15034,1.0,14.0,60.0,3677.54,1.0880001265522383,1801.1477287391112,1959.6489568074296,M,New York,2,560.0070000000001,249.93293955386795,3.4993293955386795,8,Q3
15038,1.0,1.0,210.0,989.17,0.2029614135907814,1316.994973024487,267.2991614170029,F,California,37,470.894,-43.23581073086451,0.5676418926913549,6,Q2
15039,4.0,162.0,188.0,4726.07,2.437600006105359,2949.704470474259,7190.199635237059,F,Chicago,19,5536.983,29.857715568876742,1.2985771556887675,30,Q4
15044,3.0,98.0,122.0,2066.1266666666666,2.391980108801743,1657.9603886855089,3965.808270916944,F,California,31,1829.998,116.71107131903662,2.1671107131903664,20,Q4
15046,1.0,44.0,47.0,293.33,1.5277046152872946,1191.6800596991395,1820.5351271482143,F,New Jersey,4,747.529,143.54040139555983,2.435404013955598,8,Q3
15048,0.0,0.0,186.0,0.0,0.3930571645815922,1389.001198587492,545.9568727172327,M,California,17,244.37099999999998,123.41311887140158,2.234131188714016,6,Q2
15059,0.0,0.0,32.0,0.0,0.905321284154208,1389.001198587492,1257.492348796962,F,Chicago,20,495.139,153.96754220470655,2.5396754220470656,6,Q2
15061,7.0,209.0,226.0,664.8014285714286,3.794178599694217,950.196001438628,3605.213334173458,M,California,7,2216.482,62.65475353165323,1.6265475353165322,24,Q4
15062,0.0,0.0,90.0,0.0,0.6046776606743685,1389.001198587492,839.8979954357785,F,California,22,109.995,663.5783403207223,7.635783403207223,3,Q1
15070,0.0,0.0,233.0,0.0,0.3359703736355803,1389.001198587492,466.6632516697086,F,Washington DC,39,20.497,2176.7392870649783,22.767392870649783,1,Q1
15078,4.0,121.0,185.0,722.595,2.0170159595345267,1077.3317675883811,2172.9953689393064,F,New York,6,787.043,176.09614327797928,2.760961432779793,10,Q4
15079,0.0,0.0,151.0,0.0,0.4502404305611768,1389.001198587492,625.3844977020229,F,California,45,870.232,-28.135888165222266,0.7186411183477773,6,Q2
15081,0.0,0.0,167.0,0.0,0.4221358875385514,1389.001198587492,586.3472537578426,M,Chicago,24,160.09500000000003,266.24957291473345,3.6624957291473343,3,Q1
15093,2.0,174.0,222.0,921.175,1.1022582874838205,1246.2130387020247,1373.6486498797017,M,California,46,319.208,330.33027050691135,4.303302705069114,8,Q3
15100,5.0,241.0,251.0,189.578,2.590909618969504,761.2104638859735,1972.227512942407,M,California,49,280.968,601.9402611480335,7.019402611480335,5,Q2
15101,1.0,55.0,94.0,12.0,0.9939143343815716,1141.0149002288306,1134.0710650803933,F,New York,40,66.765,1598.6011609082502,16.986011609082503,4,Q1
15107,5.0,217.0,228.0,115.68800000000002,2.765289778213351,722.5356596619735,1998.020474057896,F,New York,20,172.131,1060.7557465290365,11.607557465290366,8,Q3
15111,0.0,0.0,232.0,0.0,0.3370101028004926,1389.001198587492,468.1074367259782,M,New Jersey,9,259.266,80.5510312674929,1.805510312674929,4,Q1
15139,0.0,0.0,37.0,0.0,0.8676117654779495,1389.001198587492,1205.113782157482,M,New Jersey,16,54.86,2096.707586871094,21.96707586871094,3,Q1
15157,1.0,10.0,83.0,47.98,0.792032259085277,1147.4945946721596,908.8527361063348,F,New Jersey,43,848.157,7.156191142245446,1.0715619114224544,7,Q3
15159,1.0,104.0,112.0,653.62,1.021413433959565,1256.5652489983888,1283.4726259737004,F,Chicago,29,1626.345,-21.082388670687934,0.7891761132931207,12,Q4
15160,0.0,0.0,74.0,0.0,0.6650615954947381,1389.001198587492,923.7713532767008,F,Chicago,30,122.19000000000001,656.0122377254282,7.560122377254282,3,Q1
15164,0.0,0.0,53.0,0.0,0.7661756188598176,1389.001198587492,1064.2188529248,M,New York,28,37.754,2718.824105855804,28.188241058558038,7,Q3
15165,0.0,0.0,241.0,0.0,0.3278800683663184,1389.001198587492,455.4258079537651,F,New Jersey,36,214.461,112.3583345940591,2.123583345940591,8,Q3
15171,0.0,0.0,15.0,0.0,1.064013422692855,1389.001198587492,1477.9159194335552,F,New Jersey,48,26.026,5578.613384436929,56.786133844369296,2,Q1
15179,0.0,0.0,130.0,0.0,0.4934692770677942,1389.001198587492,685.4294173132693,F,Chicago,19,364.07300000000004,88.26702812712539,1.882670281271254,9,Q3
15180,0.0,0.0,169.0,0.0,0.4188710451304406,1389.001198587492,581.8123837397774,F,California,41,160.25400000000002,263.0563878216939,3.6305638782169387,3,Q1
15181,1.0,38.0,146.0,25.99,0.564664333096825,1143.5343811977623,645.713078732325,F,New Jersey,20,7.916999999999999,8056.03231946855,81.5603231946855,2,Q1
15189,0.0,0.0,22.0,0.0,0.9920739694221792,1389.001198587492,1377.9919326148574,F,Washington DC,11,280.396,391.4449323866451,4.914449323866451,6,Q2
15192,0.0,0.0,143.0,0.0,0.4657692237617612,1389.001198587492,646.954010070252,F,Chicago,37,89.815,620.3184435453454,7.203184435453455,5,Q2
15194,5.0,155.0,177.0,4345.839999999999,3.1597352825433447,2936.6417692541004,9279.010610502692,M,Chicago,33,5507.966,68.46528483477732,1.6846528483477732,12,Q4
15197,1.0,61.0,79.0,13.6,1.1730172833542274,1141.3030467299236,1338.768199359038,F,Chicago,45,15.370999999999999,8609.701381556424,87.09701381556425,2,Q1
15204,0.0,0.0,74.0,0.0,0.6650615954947381,1389.001198587492,923.7713532767008,M,New Jersey,29,98.97900000000001,833.3003498486553,9.333003498486555,3,Q1
15208,0.0,0.0,59.0,0.0,0.7341789265813142,1389.001198587492,1019.7754089991236,M,Chicago,16,5.165,19643.9575798475,197.43957579847503,1,Q1
15211,0.0,0.0,142.0,0.0,0.4677872527839814,1389.001198587492,649.7570548009003,M,California,40,104.632,520.9926741349684,6.209926741349685,6,Q2
15213,0.0,0.0,9.0,0.0,1.135077567360674,1389.001198587492,1576.6241015537505,M,Washington DC,41,99.818,1479.4987893503683,15.794987893503682,7,Q3
15221,1.0,47.0,204.0,135.45,0.3928192898463353,1163.2472037037876,456.9459404746572,F,California,7,50.603,803.0016806803098,9.030016806803099,2,Q1
15224,3.0,47.0,128.0,123.02666666666669,1.3849647120955588,886.1468520274132,1227.282119792532,F,Chicago,28,73.164,1577.4398881861734,16.774398881861735,7,Q3
15235,3.0,184.0,236.0,1403.993333333333,1.503035384652015,1394.956184198239,2096.668504889107,F,New Jersey,23,987.062,112.41507675192717,2.1241507675192715,13,Q4
15240,0.0,0.0,221.0,0.0,0.3488915073914823,1389.001198587492,484.6107219437658,M,New York,40,573.52,-15.502384930993548,0.8449761506900645,7,Q3
15246,0.0,0.0,88.0,0.0,0.6116039626600183,1389.001198587492,849.518637195625,F,California,2,64.92,1208.5622877320163,13.085622877320164,4,Q1
15260,0.0,0.0,232.0,0.0,0.3370101028004926,1389.001198587492,468.1074367259782,F,Chicago,45,161.423,189.98806658653237,2.899880665865324,4,Q1
15266,0.0,0.0,48.0,0.0,0.7951337956251753,1389.001198587492,1104.4417951607902,F,Chicago,22,64.18,1620.850413151745,17.20850413151745,2,Q1
15271,1.0,100.0,145.0,954.53,0.79673262476649,1310.7566012758236,1044.3225473644904,F,Chicago,37,361.831,188.62163478654134,2.8862163478654135,8,Q3
15279,1.0,78.0,143.0,1794.09,0.7417591917484668,1461.95427406185,1084.4180207013346,M,California,10,160.531,575.5193829860492,6.755193829860492,4,Q1
15281,0.0,0.0,24.0,0.0,0.973354634039268,1389.001198587492,1351.9907533312328,F,California,36,668.145,102.34990209179638,2.0234990209179635,11,Q4
15288,0.0,0.0,145.0,0.0,0.4617858081275857,1389.001198587492,641.4210409799101,M,California,50,219.246,192.55769363176984,2.9255769363176984,5,Q2
15290,2.0,85.0,90.0,108.6,2.072794139695036,998.201941056679,2069.0671336544933,F,New York,3,145.233,1324.6535798713057,14.246535798713056,8,Q3
15291,2.0,236.0,251.0,308.63,1.091036650539349,1059.2543483569264,1155.6853163005817,M,California,32,212.59599999999998,443.60633139879485,5.436063313987948,12,Q4
15296,0.0,0.0,0.0,0.0,1.2628819395855029,1389.001198587492,1754.14452775876,M,California,40,2062.701,-14.958855997124159,0.8504114400287583,6,Q2
15298,2.0,111.0,156.0,411.72,1.3512163145571578,1090.7190919882942,1473.7974316935524,F,Chicago,2,208.146,608.0594542741886,7.080594542741886,11,Q4
15299,0.0,0.0,223.0,0.0,0.3466686869538776,1389.001198587492,481.523221691688,M,Chicago,25,33.544999999999995,1335.4545288170757,14.354545288170758,2,Q1
15301,0.0,0.0,186.0,0.0,0.3930571645815922,1389.001198587492,545.9568727172327,F,New Jersey,19,926.457,-41.07045737500686,0.5892954262499315,9,Q3
15304,0.0,0.0,187.0,0.0,0.3916386725868583,1389.001198587492,543.9865856363605,M,California,12,75.59100000000001,619.6446476913395,7.196446476913395,3,Q1
15311,13.0,243.0,250.0,4206.020769230769,6.64118880610916,3475.357702580593,23080.50667160348,F,Chicago,40,12205.203,89.10383278019613,1.8910383278019613,37,Q4
15312,1.0,1.0,65.0,625.47,0.884663195409709,1251.4956714947837,1107.1521597859946,F,Chicago,47,52.25,2018.951501982765,21.18951501982765,5,Q2
15316,0.0,0.0,0.0,0.0,1.2628819395855029,1389.001198587492,1754.14452775876,F,California,28,13.2,13188.973695142122,132.8897369514212,1,Q1
15326,0.0,0.0,26.0,0.0,0.9553607377969702,1389.001198587492,1326.997209883422,M,Chicago,45,341.054,289.0871269310497,3.8908712693104968,6,Q2
15329,0.0,0.0,143.0,0.0,0.4657692237617612,1389.001198587492,646.954010070252,F,California,48,6.538,9795.289233255613,98.95289233255613,3,Q1
15332,1.0,50.0,206.0,155.5,0.3975536307593961,1166.8580395456092,463.8886502021479,F,California,30,503.11600000000004,-7.7968798046279835,0.9220312019537201,6,Q2
15346,0.0,0.0,23.0,0.0,0.9826208129882272,1389.001198587492,1364.8614869976634,F,California,15,144.424,845.0378655885887,9.450378655885887,5,Q2
15347,0.0,0.0,155.0,0.0,0.4428638277938175,1389.001198587492,615.1383876166572,M,California,48,7.159000000000001,8492.518335195658,85.92518335195658,1,Q1
15350,0.0,0.0,242.0,0.0,0.3268963523202001,1389.001198587492,454.059425186637,M,California,48,56.203,707.8917943644236,8.078917943644235,2,Q1
15351,1.0,3.0,210.0,21237.21,0.2111305972264618,4963.496148018978,1047.9459060624897,F,Washington DC,29,4171.686,-74.87955934213434,0.2512044065786566,7,Q3
15353,0.0,0.0,173.0,0.0,0.412492611957505,1389.001198587492,572.9527324174596,F,California,46,293.238,95.38829633862584,1.9538829633862584,5,Q2
15356,3.0,71.0,179.0,3186.3433333333337,1.043420904588756,2102.9186447316943,2194.229274562505,F,California,32,2176.577,0.8110108010194341,1.0081101080101944,15,Q4
15358,3.0,104.0,151.0,1355.4233333333334,1.924794167883084,1375.6638248366603,2647.8697070133403,F,New Jersey,35,1527.6200000000001,73.33300866795015,1.7333300866795016,18,Q4
15361,0.0,0.0,120.0,0.0,0.5171739890887517,1389.001198587492,718.3552907225505,M,New York,2,93.032,672.1593545474144,7.721593545474144,2,Q1
15363,0.0,0.0,230.0,0.0,0.3391091834250523,1389.001198587492,471.0230622294233,M,New York,32,106.21700000000001,343.4535547317504,4.434535547317504,4,Q1
15366,0.0,0.0,81.0,0.0,0.6371834608781161,1389.001198587492,885.0485908798295,M,California,37,382.209,131.56142081422192,2.315614208142219,3,Q1
15370,0.0,0.0,23.0,0.0,0.9826208129882272,1389.001198587492,1364.8614869976634,F,New York,38,13.43,10062.78099030278,101.62780990302781,3,Q1
15373,2.0,162.0,214.0,462.26,1.1132325958902385,1106.1447214686443,1231.3963597108238,M,Washington DC,24,437.129,181.70090744627416,2.817009074462742,12,Q4
15379,4.0,43.0,85.0,742.3825,2.986595303547024,1086.5861215829368,3245.1930076189747,F,California,10,2494.11,30.114269523756953,1.3011426952375695,16,Q4
15380,0.0,0.0,143.0,0.0,0.4657692237617612,1389.001198587492,646.954010070252,M,California,9,31.352999999999998,1963.4516954366475,20.634516954366475,1,Q1
15384,1.0,126.0,222.0,1847.71,0.5441754184064979,1471.6107836797294,800.8144139404309,M,California,30,506.458,58.12059715522923,1.5812059715522924,6,Q2
15392,2.0,20.0,100.0,332.46500000000003,1.0845329255335077,1066.529177772521,1156.6860093364787,M,California,50,485.319,138.33520000998905,2.3833520000998902,7,Q3
15394,0.0,0.0,85.0,0.0,0.6223040759531193,1389.001198587492,864.3811073847643,F,New Jersey,38,788.388,9.639049222561002,1.09639049222561,5,Q2
15426,2.0,19.0,197.0,466.51,0.3021325413599495,1107.4418905484129,334.59423279985907,F,Chicago,17,1240.186,-73.02064103288869,0.2697935896711131,9,Q3
15447,0.0,0.0,13.0,0.0,1.0866361847729955,1389.001198587492,1509.33896307823,F,California,34,128.208,1077.2580206213574,11.772580206213576,4,Q1
15454,0.0,0.0,122.0,0.0,0.5122490642522537,1389.001198587492,711.5145642217016,M,Chicago,39,321.83,121.08397732396034,2.2108397732396035,5,Q2
15456,0.0,0.0,90.0,0.0,0.6046776606743685,1389.001198587492,839.8979954357785,M,California,28,425.83200000000005,97.23693743912585,1.9723693743912585,6,Q2
15460,1.0,1.0,61.0,5636.26,0.9328901326041752,2153.8966753771665,2009.348955108297,F,New York,4,578.14,247.55404488675708,3.4755404488675703,7,Q3
15464,1.0,1.0,47.0,12080.67,1.132144970080542,3314.480546070145,3752.472478663122,F,Chicago,40,1280.887,192.9589010321068,2.929589010321068,10,Q4
15465,2.0,178.0,211.0,521.26,1.1823436164114969,1124.1524804583692,1329.1345091431028,F,Chicago,14,360.923,268.25985297226913,3.682598529722691,8,Q3
15468,0.0,0.0,109.0,0.0,0.546087420504399,1389.001198587492,758.5160816141619,F,Chicago,23,0.5980000000000001,126742.15411608056,1268.4215411608056,1,Q1
15482,0.0,0.0,88.0,0.0,0.6116039626600183,1389.001198587492,849.518637195625,F,New York,18,59.403,1330.0938289238338,14.300938289238339,3,Q1
15485,1.0,210.0,243.0,1157.25,0.6025387160241467,1347.2647629643072,811.77918042109,M,New York,25,345.097,135.2321754234578,2.352321754234578,12,Q4
15498,3.0,120.0,172.0,787.4533333333334,1.7688105176759057,1150.061985293817,2034.241735566936,F,New York,14,2920.367,-30.342941980684756,0.6965705801931524,16,Q4
15502,1.0,15.0,192.0,2263.43,0.2984376534820005,1546.478448326219,461.527399278962,F,New York,27,1251.594,-63.12483127284392,0.3687516872715609,9,Q3
15503,0.0,0.0,129.0,0.0,0.4957397078763909,1389.001198587492,688.58304842772,F,New York,45,736.694,-6.530656089540568,0.9346934391045943,6,Q2
15510,0.0,0.0,12.0,0.0,1.0983328951160192,1389.001198587492,1525.5857077642206,F,New Jersey,15,3.838,39649.49733622253,397.49497336222527,1,Q1
15512,0.0,0.0,95.0,0.0,0.5880451161974147,1389.001198587492,816.79537122173,F,California,42,39.804,1952.0434409148074,20.520434409148073,3,Q1
15513,2.0,237.0,249.0,868.875,1.102625975946412,1230.2502286145232,1356.505858984385,F,Chicago,21,727.215,86.53436177531884,1.8653436177531884,12,Q4
15514,2.0,25.0,132.0,3617.8,0.771158241807044,2069.2668198150063,1595.7321625981936,M,Chicago,22,1273.056,25.346580401662887,1.2534658040166289,13,Q4
15518,0.0,0.0,21.0,0.0,1.0017200247584062,1389.001198587492,1391.390315038518,F,New Jersey,7,605.029,129.9708468583354,2.299708468583354,13,Q4
15525,0.0,0.0,243.0,0.0,0.3259185768378566,1389.001198587492,452.70129386971246,M,New York,48,777.2170000000001,-41.753552242203604,0.5824644775779639,9,Q3
15527,0.0,0.0,62.0,0.0,0.7191930920063588,1389.001198587492,998.9600668126768,F,New York,21,501.97,99.00792214926723,1.9900792214926724,9,Q3
15529,2.0,31.0,163.0,142.56,0.5898367398141006,1008.5670850446628,594.8899213265546,M,California,16,2445.116,-75.6702781656758,0.24329721834324203,10,Q4
15532,1.0,1.0,81.0,6432.63,0.7218432587739683,2297.316193549313,1658.3022075858448,F,California,23,1787.544,-7.230132092645286,0.9276986790735471,7,Q3
15535,2.0,139.0,143.0,2078.875,1.6125574175137831,1599.5618960309075,2579.385400217051,F,Chicago,24,1171.6860000000001,120.1430588243822,2.201430588243822,9,Q3
15544,0.0,0.0,230.0,0.0,0.3391091834250523,1389.001198587492,471.0230622294233,M,Chicago,22,204.663,130.14568448103628,2.301456844810363,5,Q2
15545,0.0,0.0,211.0,0.0,0.3604523159545559,1389.001198587492,500.6686988945156,F,California,39,670.614,-25.341746683708422,0.7465825331629158,3,Q1
15547,1.0,1.0,124.0,3152.02,0.4437223623901486,1706.5060104551142,757.2148783921309,M,New York,40,1534.462,-50.65274484528578,0.4934725515471422,8,Q3
15555,2.0,76.0,193.0,2439.84,0.8008652865151729,1709.7342811788044,1369.2668349610765,F,Chicago,34,817.672,67.45918106050793,1.6745918106050794,13,Q4
15562,0.0,0.0,57.0,0.0,0.7445332750567428,1389.001198587492,1034.1576114420866,F,New York,26,7.9,12990.602676482107,130.9060267648211,1,Q1
15563,0.0,0.0,87.0,0.0,0.6151284965058547,1389.001198587492,854.414218931954,F,Chicago,41,434.952,96.43873782209394,1.9643873782209393,4,Q1
15569,0.0,0.0,21.0,0.0,1.0017200247584062,1389.001198587492,1391.390315038518,M,California,32,39.89,3388.067974526242,34.88067974526243,2,Q1
15570,6.0,193.0,201.0,2587.9566666666665,3.613906720645698,2070.6951439886616,7483.299097269035,F,New Jersey,34,4498.689,66.34399704600683,1.6634399704600684,13,Q4
15574,2.0,140.0,225.0,853.615,0.96164325884024,1225.59262857752,1178.582889355862,F,New York,5,1256.461,-6.198211535745073,0.9380178846425493,16,Q4
15581,2.0,96.0,156.0,1241.2949999999998,1.259404018524128,1343.918865952713,1692.5368203512355,F,California,18,254.022,566.2953682559919,6.662953682559919,6,Q2
15587,0.0,0.0,57.0,0.0,0.7445332750567428,1389.001198587492,1034.1576114420866,M,Chicago,6,60.660000000000004,1604.8427488329814,17.048427488329814,3,Q1
15596,0.0,0.0,142.0,0.0,0.4677872527839814,1389.001198587492,649.7570548009003,F,California,39,768.039,-15.40051289050422,0.8459948710949577,12,Q4
15601,2.0,198.0,234.0,4361.165,1.0989052527134004,2296.1539005166437,2523.255582316102,F,Chicago,46,2869.433,-12.064314367469045,0.8793568563253096,22,Q4
15602,3.0,156.0,175.0,125.48,1.9887206894071652,887.1213339771847,1764.236550894911,F,New Jersey,10,311.292,466.74651160161875,5.667465116016188,9,Q3
15605,0.0,0.0,242.0,0.0,0.3268963523202001,1389.001198587492,454.059425186637,F,California,21,227.89000000000001,99.24499766845274,1.9924499766845274,1,Q1
15607,0.0,0.0,37.0,0.0,0.8676117654779495,1389.001198587492,1205.113782157482,F,Chicago,40,177.402,579.3123990470694,6.793123990470694,3,Q1
15611,0.0,0.0,32.0,0.0,0.905321284154208,1389.001198587492,1257.492348796962,F,New York,4,19.198,6450.121620986363,65.50121620986363,1,Q1
15615,1.0,79.0,89.0,2539.9,1.1425208730776149,1596.2683627994584,1823.769923531812,M,Washington DC,19,1008.0500000000001,80.9205816707318,1.809205816707318,13,Q4
15620,0.0,0.0,82.0,0.0,0.633395530965194,1389.001198587492,879.7871516906152,M,Chicago,48,349.767,151.5352082073538,2.515352082073538,8,Q3
15626,0.0,0.0,10.0,0.0,1.1225435645857058,1389.001198587492,1559.214356676221,F,New Jersey,8,179.054,770.8067715193299,8.7080677151933,5,Q2
15628,0.0,0.0,166.0,0.0,0.423787746769741,1389.001198587492,588.6416882098629,F,California,4,643.356,-8.50451566320002,0.9149548433679998,5,Q2
15640,5.0,203.0,226.0,2054.03,2.7035620014155515,1737.084277460819,4696.315045799459,F,California,30,1165.6680000000001,302.8861601930788,4.028861601930789,18,Q4
15641,0.0,0.0,92.0,0.0,0.5979102592763309,1389.001198587492,830.4980667825816,F,Chicago,6,374.049,122.02921723693466,2.2202921723693465,4,Q1
15646,0.0,0.0,223.0,0.0,0.3466686869538776,1389.001198587492,481.523221691688,M,California,10,170.40500000000003,182.5757587463325,2.825757587463325,3,Q1
15649,1.0,138.0,174.0,9.85,0.7398604166466726,1140.627703367987,843.9052878525761,M,California,22,24.37,3362.8858754722037,34.62885875472204,2,Q1
15658,0.0,0.0,234.0,0.0,0.3349371032671074,1389.001198587492,465.2280378894348,M,Chicago,24,854.083,-45.52894298453021,0.5447105701546978,7,Q3
15660,0.0,0.0,151.0,0.0,0.4502404305611768,1389.001198587492,625.3844977020229,M,New Jersey,13,59.008,959.8300191533738,10.59830019153374,3,Q1
15661,0.0,0.0,50.0,0.0,0.7832824164193164,1389.001198587492,1087.9802152389375,F,California,24,226.79999999999998,379.7090896115245,4.797090896115245,3,Q1
15664,0.0,0.0,89.0,0.0,0.6081205944091702,1389.001198587492,844.6802345200755,M,New York,10,104.55000000000001,707.9198799809425,8.079198799809426,1,Q1
15673,0.0,0.0,2.0,0.0,1.2318953085992537,1389.001198587492,1711.1040601786715,M,New York,24,608.592,181.1578299055314,2.8115782990553138,9,Q3
15680,0.0,0.0,156.0,0.0,0.4410578679357981,1389.001198587492,612.6299072092673,M,California,32,226.478,170.50305425218667,2.705030542521867,6,Q2
15687,0.0,0.0,11.0,0.0,1.1102987632254755,1389.001198587492,1542.2063129103956,M,New York,20,1365.618,12.93101825769693,1.1293101825769694,14,Q4
15689,0.0,0.0,120.0,0.0,0.5171739890887517,1389.001198587492,718.3552907225505,M,California,16,182.162,294.34969462486714,3.9434969462486715,4,Q1
15694,3.0,223.0,236.0,634.9200000000001,1.6569980146442589,1089.4746292862783,1805.2572977326531,F,New York,41,337.192,435.37963466886913,5.353796346688691,6,Q2
15696,1.0,1.0,1.0,697.05,2.392108076960598,1264.386625587432,3024.5494594686515,M,Chicago,12,880.293,243.5844042232133,3.4358440422321337,12,Q4
15708,2.0,179.0,211.0,4033.47,1.185196140338728,2196.1360601414262,2602.8519821383197,F,Chicago,49,1653.0240000000001,57.46002369828385,1.5746002369828385,9,Q3
15713,1.0,47.0,155.0,62.0,0.5644366182010794,1150.019478387987,649.1131052466847,M,California,3,100.874,543.4890112880273,6.434890112880273,3,Q1
15716,1.0,1.0,205.0,2348.71,0.2112617843872774,1561.836656834476,329.9563990443113,F,Chicago,2,441.696,-25.297852132618072,0.7470214786738193,9,Q3
15719,1.0,1.0,44.0,4355.85,1.1820974452407162,1923.3056369618585,2273.534679869681,F,Chicago,16,3230.79,-29.629140864318604,0.703708591356814,13,Q4
15723,0.0,0.0,136.0,0.0,0.4802791517756039,1389.001198587492,667.1083174728979,F,Washington DC,4,356.98,86.87554414053947,1.8687554414053948,6,Q2
15727,1.0,75.0,90.0,3429.56,1.1178494102778034,1756.4886229009594,1963.4897712695083,F,Chicago,40,1747.102,12.385525932058243,1.1238552593205824,15,Q4
15732,0.0,0.0,227.0,0.0,0.3423078030814855,1389.001198587492,475.4659487660346,F,Chicago,21,32.286,1372.6691097256848,14.726691097256849,3,Q1
15738,1.0,85.0,230.0,7.2,0.4339181986592998,1140.1504607255515,494.7320341186021,M,New Jersey,16,448.8,10.234410454233974,1.1023441045423397,12,Q4
15749,0.0,0.0,21.0,0.0,1.0017200247584062,1389.001198587492,1391.390315038518,F,Chicago,44,126.7,998.177044229296,10.98177044229296,2,Q1
15750,2.0,21.0,165.0,54.06,0.4664086182360989,981.555446560076,457.80591955220206,F,California,7,624.624,-26.706959778650507,0.7329304022134949,8,Q3
15752,0.0,0.0,235.0,0.0,0.333910231185839,1389.001198587492,463.8017113377569,F,New York,27,166.362,178.79065612204522,2.7879065612204523,5,Q2
15759,0.0,0.0,81.0,0.0,0.6371834608781161,1389.001198587492,885.0485908798295,M,Washington DC,26,16.38,5303.22705054841,54.0322705054841,1,Q1
15769,2.0,179.0,213.0,408.53,1.172483664058416,1089.745452137833,1277.7087406135613,F,Chicago,25,139.381,816.7022338866568,9.16702233886657,5,Q2
15777,1.0,30.0,111.0,21.39,0.7201169631128851,1142.7059600071202,822.8819456513213,F,Chicago,24,113.81600000000002,622.9932045154646,7.229932045154646,5,Q2
15780,0.0,0.0,75.0,0.0,0.6609263400827772,1389.001198587492,918.0274785530218,M,California,19,559.794,63.993804605448034,1.6399380460544803,3,Q1
15789,0.0,0.0,82.0,0.0,0.633395530965194,1389.001198587492,879.7871516906152,F,Chicago,28,637.932,37.91237180304722,1.3791237180304723,5,Q2
15799,0.0,0.0,29.0,0.0,0.9296376442749184,1389.001198587492,1291.267802149914,M,New Jersey,31,191.49,574.3264933677549,6.7432649336775485,5,Q2
15805,0.0,0.0,140.0,0.0,0.4718771397558205,1389.001198587492,655.4379127068721,M,Chicago,33,175.49,273.49017762087414,3.7349017762087415,3,Q1
15808,4.0,147.0,199.0,1281.585,2.1190207496482505,1338.7640525873326,2836.868806315739,F,California,6,4692.9439999999995,-39.5503375638887,0.6044966243611131,22,Q4
15811,1.0,70.0,143.0,436.94,0.7140457129937136,1217.5430090878688,869.3813660246587,F,Chicago,27,187.928,362.6140681668824,4.626140681668824,6,Q2
15822,0.0,0.0,93.0,0.0,0.5945844147380472,1389.001198587492,825.87846473259,F,Chicago,4,275.91,199.32893506309665,2.9932893506309664,5,Q2
15823,1.0,183.0,226.0,685.59,0.6202338557467962,1262.3227762733534,782.9353227250224,M,New York,27,63.58,1131.417619888365,12.314176198883649,5,Q2
15827,1.0,1.0,230.0,865.16,0.1738408635152195,1294.6618182741474,225.06512844896204,F,Chicago,3,506.89200000000005,-55.598997725558505,0.44401002274441503,11,Q4
15834,0.0,0.0,223.0,0.0,0.3466686869538776,1389.001198587492,481.523221691688,M,Chicago,12,2.468,19410.665384590273,195.10665384590274,1,Q1
15835,0.0,0.0,14.0,0.0,1.0751993196739098,1389.001198587492,1493.4531437475166,F,New York,46,130.238,1046.710747821309,11.46710747821309,5,Q2
15838,1.0,54.0,227.0,167.11,0.3574082605472646,1168.9489025941657,417.7919939448146,F,Chicago,9,119.509,249.59040235029542,3.4959040235029546,4,Q1
15841,0.0,0.0,51.0,0.0,0.7774928885217401,1389.001198587492,1079.9385540499484,M,New York,6,13.708,7778.162781222267,78.78162781222267,4,Q1
15845,0.0,0.0,39.0,0.0,0.853427527130257,1389.001198587492,1185.4118580914862,M,Chicago,22,764.0020000000001,55.15821399570762,1.5515821399570762,6,Q2
15854,1.0,113.0,118.0,291.46,1.0000442530483986,1191.3432884759873,1191.3960090481914,M,New York,44,654.447,82.04621750091168,1.8204621750091168,11,Q4
15856,2.0,90.0,146.0,1204.99,1.3213798387435896,1332.837989848951,1761.1852480979371,M,Chicago,4,656.409,168.30607869452388,2.6830607869452385,10,Q4
15858,0.0,0.0,170.0,0.0,0.4172577545599406,1389.001198587492,579.571521203683,F,California,18,987.588,-41.31444274295728,0.5868555725704272,6,Q2
15860,0.0,0.0,187.0,0.0,0.3916386725868583,1389.001198587492,543.9865856363605,F,New York,46,587.7,-7.4380490664692145,0.9256195093353079,5,Q2
15862,0.0,0.0,249.0,0.0,0.3201736923733579,1389.001198587492,444.72164246277714,F,California,24,819.6410000000001,-45.7418988968613,0.542581011031387,10,Q4
15867,4.0,171.0,195.0,2037.375,2.398602652812671,1692.237114143635,4059.004431172981,M,New York,11,1971.497,105.88438284070334,2.058843828407033,16,Q4
15880,1.0,2.0,200.0,125.5,0.2243996573793878,1161.4552926501156,260.63016973216264,F,New York,33,2406.942,-89.17173036441415,0.10828269635585845,7,Q3
15881,1.0,13.0,132.0,92.07,0.490512801175328,1155.4348316929036,566.7555758692298,M,New York,34,1248.003,-54.58700212505661,0.45412997874943395,9,Q3
15882,1.0,1.0,181.0,1453.99,0.2582093906425498,1400.7051334232683,361.6752189711135,F,New York,45,514.7040000000001,-29.731414760500506,0.7026858523949949,5,Q2
15889,0.0,0.0,193.0,0.0,0.3833407434134088,1389.001198587492,532.460752068645,F,California,21,1869.66,-71.52098498825214,0.28479015011747855,6,Q2
15894,1.0,1.0,196.0,2383.6,0.2273985105586269,1568.1200514739353,356.5881640822903,M,Chicago,44,692.86,-48.53387927109513,0.5146612072890487,6,Q2
15898,1.0,17.0,188.0,4574.61,0.3171561650766499,1962.7024673237995,622.483187722895,M,Chicago,27,1374.174,-54.70128326377191,0.4529871673622809,6,Q2
15899,0.0,0.0,189.0,0.0,0.3888325667392796,1389.001198587492,540.0889012507104,F,Washington DC,24,109.938,391.2668060640637,4.912668060640637,2,Q1
15916,3.0,148.0,159.0,1391.8766666666668,2.1542189493132646,1390.1433555468534,2994.6731587809586,F,Chicago,37,614.472,387.35713893895223,4.8735713893895225,9,Q3
15919,0.0,0.0,187.0,0.0,0.3916386725868583,1389.001198587492,543.9865856363605,F,Washington DC,24,1259.31,-56.80280585111208,0.43197194148887924,7,Q3
15922,1.0,12.0,242.0,129.26999999999998,0.1954861394493359,1162.134237843316,227.18113567788623,M,Chicago,29,64.93100000000001,249.8808514852477,3.498808514852477,4,Q1
15923,0.0,0.0,231.0,0.0,0.3380563520422928,1389.001198587492,469.5606781768599,F,Chicago,34,210.88000000000002,122.66724116884475,2.2266724116884475,6,Q2
15939,0.0,0.0,17.0,0.0,1.0423610498064495,1389.001198587492,1447.8407475420747,F,California,11,286.634,405.1182858774865,5.051182858774865,9,Q3
15945,0.0,0.0,146.0,0.0,0.4598199595477542,1389.001198587492,638.6904749462826,F,New York,13,51.069,1150.642219245105,12.506422192451048,2,Q1
15950,0.0,0.0,95.0,0.0,0.5880451161974147,1389.001198587492,816.79537122173,M,Chicago,44,571.035,43.037707184626164,1.4303770718462616,7,Q3
15953,1.0,174.0,192.0,257.48,0.7239905773089509,1185.2237771590246,858.0908466656576,M,New Jersey,23,682.105,25.800404140954488,1.2580040414095448,5,Q2
15955,0.0,0.0,233.0,0.0,0.3359703736355803,1389.001198587492,466.6632516697086,F,California,49,246.864,89.03657547058647,1.8903657547058648,5,Q2
15965,0.0,0.0,171.0,0.0,0.4156570168910772,1389.001198587492,577.3480946630076,F,Chicago,26,630.306,-8.401935779921569,0.9159806422007843,5,Q2
15973,1.0,112.0,164.0,195.48,0.7307932890880449,1174.058100241671,857.993780656072,M,Chicago,9,63.706,1246.802154673142,13.468021546731421,5,Q2
15983,3.0,141.0,247.0,1047.8466666666666,1.1285359243114876,1253.4921224572108,1414.610891034417,M,New York,25,767.529,84.3071585613595,1.8430715856135949,11,Q4
15984,1.0,131.0,180.0,151.79,0.7011191008090945,1166.1898998462,817.6380139528156,F,California,25,184.49300000000002,343.18104966194676,4.431810496619468,8,Q3
15987,0.0,0.0,189.0,0.0,0.3888325667392796,1389.001198587492,540.0889012507104,F,California,32,72.858,641.289770856612,7.41289770856612,3,Q1
15996,1.0,1.0,154.0,1015.27,0.329543579874207,1321.6953628235667,435.55622136801713,F,Chicago,26,83.07600000000001,424.2864622370083,5.242864622370084,5,Q2
15998,0.0,0.0,123.0,0.0,0.5098222827074944,1389.001198587492,708.1437617473209,F,New York,16,1649.6580000000001,-57.073298723291686,0.4292670127670832,12,Q4
16003,0.0,0.0,94.0,0.0,0.5912962499716716,1389.001198587492,821.3111999309411,F,California,10,481.038,70.73728061628003,1.7073728061628002,6,Q2
16010,0.0,0.0,125.0,0.0,0.5050383481020193,1389.001198587492,701.4988708463518,M,California,5,726.624,-3.457789606956037,0.9654221039304396,5,Q2
16011,1.0,28.0,152.0,2474.33,0.4883762575629937,1584.4597590015403,773.8125273603354,M,New Jersey,10,1028.583,-24.769072854564453,0.7523092714543554,13,Q4
16013,4.0,179.0,217.0,74.85,2.148303091199708,774.3899341984353,1663.6242894324369,M,New York,31,96.48,1624.3203663271527,17.243203663271526,6,Q2
16016,2.0,6.0,162.0,1679.45,0.322262207733805,1477.6508937517428,476.1910392802668,M,California,19,1289.221,-63.06366097974926,0.3693633902025074,12,Q4
16019,1.0,96.0,134.0,353.95,0.8491583186375059,1202.597210259301,1021.1954250619432,F,California,34,164.678,520.1164849354153,6.201164849354153,5,Q2
16029,5.0,239.0,250.0,459.162,2.593391936970005,902.3135687976372,2340.0527339384225,F,Washington DC,40,1098.011,113.11742176885502,2.13117421768855,11,Q4
16033,2.0,162.0,211.0,2149.33,1.1325100790671283,1621.0659072109252,1835.873478748471,F,Chicago,48,1402.041,30.942923833787383,1.3094292383378738,18,Q4
16034,0.0,0.0,22.0,0.0,0.9920739694221792,1389.001198587492,1377.9919326148574,F,New York,26,41.798,3196.789158846972,32.96789158846972,6,Q2
16037,0.0,0.0,88.0,0.0,0.6116039626600183,1389.001198587492,849.518637195625,F,California,15,279.963,203.43961066127486,3.034396106612749,6,Q2
16042,2.0,209.0,230.0,146.49,1.1467309209981196,1009.7665849231308,1157.9305659220277,F,Chicago,16,58.848000000000006,1867.6634140871865,19.676634140871865,2,Q1
16048,0.0,0.0,239.0,0.0,0.3298655418655236,1389.001198587492,458.1836330239248,M,New Jersey,12,140.567,225.95391025199714,3.2595391025199714,3,Q1
16059,1.0,170.0,173.0,1317.67,0.7966629266602884,1376.1550515301444,1096.3317108903448,M,Chicago,44,743.229,47.50927518844726,1.4750927518844725,7,Q3
16062,0.0,0.0,135.0,0.0,0.4824274504234578,1389.001198587492,670.0923068696908,F,New York,20,60.727000000000004,1003.450371119421,11.034503711194208,2,Q1
16065,1.0,1.0,148.0,1103.96,0.348915622458227,1337.6676835622784,466.733152452387,F,New York,41,732.862,-36.313637157829575,0.6368636284217043,8,Q3
16081,0.0,0.0,164.0,0.0,0.4271311286374888,1389.001198587492,593.2856496315002,M,New York,14,848.556,-30.082911483567358,0.6991708851643264,6,Q2
16083,0.0,0.0,108.0,0.0,0.5488805601639909,1389.001198587492,762.3957559491573,M,California,21,100.312,660.0244795728898,7.600244795728899,5,Q2
16086,0.0,0.0,171.0,0.0,0.4156570168910772,1389.001198587492,577.3480946630076,F,New York,47,240.354,140.20740019429988,2.402074001942999,3,Q1
16094,0.0,0.0,39.0,0.0,0.853427527130257,1389.001198587492,1185.4118580914862,F,Chicago,16,3.9379999999999997,30001.87552289198,301.0187552289198,1,Q1
16098,0.0,0.0,250.0,0.0,0.3192360225625719,1389.001198587492,443.419217971716,M,Chicago,49,84.239,426.3823383132706,5.2638233831327055,2,Q1
16112,1.0,27.0,51.0,373.75,1.339015848363452,1206.1630232103269,1615.071403788602,F,Chicago,16,125.95,1182.3115552112758,12.823115552112759,4,Q1
16122,1.0,141.0,164.0,581.98,0.7908058044988342,1243.6634894119495,983.496306270244,M,California,43,163.976,499.7806424539225,5.997806424539225,7,Q3
16125,0.0,0.0,167.0,0.0,0.4221358875385514,1389.001198587492,586.3472537578426,M,California,22,506.403,15.786686444954434,1.1578668644495442,4,Q1
16134,2.0,33.0,93.0,659.065,1.436412250225901,1166.2128063495384,1675.1623614108032,F,New York,5,721.884,132.05423051498624,2.3205423051498624,4,Q1
16138,0.0,0.0,177.0,0.0,0.4063080934980786,1389.001198587492,564.3624288646299,F,California,20,0.84,67086.00343626547,671.8600343626547,1,Q1
16140,0.0,0.0,214.0,0.0,0.3569035444785772,1389.001198587492,495.739451060868,F,California,34,209.152,137.02352885024675,2.3702352885024673,3,Q1
16143,2.0,128.0,192.0,491.39,1.1289933990260328,1115.0356709495036,1258.867912180553,F,California,9,748.0600000000001,68.28435047730837,1.6828435047730836,13,Q4
16145,3.0,77.0,99.0,498.83,2.668268091764085,1035.4186855861085,2762.774640365724,F,California,9,421.367,555.6694378927926,6.556694378927927,9,Q3
16150,1.0,182.0,221.0,240.39,0.6343091507625992,1182.146012344225,749.8460331674585,F,Washington DC,34,215.923,247.27473829441905,3.4727473829441906,9,Q3
16153,0.0,0.0,66.0,0.0,0.7001665020122176,1389.001198587492,972.5321105057818,M,Chicago,29,112.898,761.425455283337,8.614254552833371,2,Q1
16161,5.0,176.0,189.0,1611.646,3.1180371264662017,1505.5358325855989,4694.316621227102,M,New York,10,3251.723,44.36397630508815,1.4436397630508815,14,Q4
16163,0.0,0.0,142.0,0.0,0.4677872527839814,1389.001198587492,649.7570548009003,F,Chicago,22,10.515,6079.3348055244915,61.79334805524491,2,Q1
16168,0.0,0.0,208.0,0.0,0.3640731789880946,1389.001198587492,505.6980819880219,M,Washington DC,24,85.666,490.31363900266376,5.903136390026638,6,Q2
16186,0.0,0.0,227.0,0.0,0.3423078030814855,1389.001198587492,475.4659487660346,F,New York,18,72.074,559.6913571690687,6.5969135716906875,6,Q2
16191,5.0,88.0,106.0,177.99200000000002,4.232730201115684,755.1462294599447,3196.3302516937424,M,Chicago,19,268.529,1090.311009869974,11.90311009869974,11,Q4
16202,0.0,0.0,110.0,0.0,0.5433231639401512,1389.001198587492,754.6765259332184,F,New York,44,162.806,363.5434357045921,4.635434357045922,4,Q1
16203,1.0,204.0,226.0,26.48,0.6450117250828958,1143.6226260637222,737.650002881193,M,California,9,160.739,358.9116536006775,4.589116536006775,4,Q1
16206,0.0,0.0,4.0,0.0,1.202483742334164,1389.001198587492,1670.2513593841268,F,California,28,418.998,298.6299121676301,3.9862991216763013,6,Q2
16210,3.0,164.0,246.0,520.91,1.303146772643334,1044.189023134053,1360.7315555267369,M,New York,49,904.871,50.378513128030065,1.5037851312803006,12,Q4
16218,1.0,1.0,249.0,307.61999999999995,0.1511858897376511,1194.2535681370266,180.55428827116097,M,Chicago,40,379.92800000000005,-52.476709199858675,0.47523290800141327,4,Q1
16221,0.0,0.0,172.0,0.0,0.4140686844662978,1389.001198587492,575.1418990212336,F,California,9,340.206,69.0569534403372,1.690569534403372,5,Q2
16233,3.0,149.0,159.0,246.08,2.159691658217841,935.0245363450332,2019.3646913733728,F,New York,23,158.013,1177.9737688502673,12.779737688502673,7,Q3
16235,1.0,14.0,19.0,185.99,1.911815617773652,1172.349031307063,2241.315187534655,M,California,34,185.093,1110.912993757006,12.109129937570058,5,Q2
16241,2.0,157.0,209.0,3156.515,1.1282932185404853,1928.4751400594964,2175.8854226530425,M,New York,34,635.779,242.23927223973152,3.422392722397315,10,Q4
16244,1.0,1.0,233.0,4357.71,0.1699707146690957,1923.640607269379,326.96256878406973,F,New York,36,530.043,-38.31395400296396,0.6168604599703604,5,Q2
16250,0.0,0.0,250.0,0.0,0.3192360225625719,1389.001198587492,443.419217971716,F,California,30,195.389,126.9417510564648,2.269417510564648,4,Q1
16252,1.0,1.0,153.0,1610.05,0.3326700554651612,1428.8102227736272,475.3223760592919,F,Chicago,37,159.887,197.28644358784135,2.9728644358784138,7,Q3
16255,1.0,90.0,144.0,2972.02,0.7739960754495054,1674.089529082151,1295.7387254606958,M,Chicago,7,429.52500000000003,201.66782503013692,3.0166782503013696,9,Q3
16262,0.0,0.0,108.0,0.0,0.5488805601639909,1389.001198587492,762.3957559491573,M,California,11,132.6,474.9590919676903,5.749590919676903,1,Q1
16265,0.0,0.0,138.0,0.0,0.4760404316327337,1389.001198587492,661.2207301139741,M,California,38,244.073,170.91105124859126,2.7091105124859123,7,Q3
16270,0.0,0.0,59.0,0.0,0.7341789265813142,1389.001198587492,1019.7754089991236,F,Chicago,37,419.151,143.29547323020188,2.432954732302019,5,Q2
16271,0.0,0.0,81.0,0.0,0.6371834608781161,1389.001198587492,885.0485908798295,M,New York,24,184.953,378.5262152437806,4.785262152437806,4,Q1
16274,0.0,0.0,239.0,0.0,0.3298655418655236,1389.001198587492,458.1836330239248,F,California,43,618.2,-25.88423923909337,0.7411576076090662,7,Q3
16279,0.0,0.0,27.0,0.0,0.946622354921388,1389.001198587492,1314.859585595522,F,Chicago,40,34.318,3731.3992237179386,38.313992237179384,2,Q1
16282,0.0,0.0,54.0,0.0,0.760643860109268,1389.001198587492,1056.5352333899898,F,California,20,77.527,1262.796488178299,13.627964881782988,4,Q1
16293,0.0,0.0,169.0,0.0,0.4188710451304406,1389.001198587492,581.8123837397774,M,Chicago,13,199.338,191.87228914696516,2.9187228914696517,5,Q2
16303,0.0,0.0,25.0,0.0,0.9642697566933384,1389.001198587492,1339.3718478087162,F,Chicago,12,448.85400000000004,198.3981089193181,2.983981089193181,8,Q3
16306,1.0,130.0,169.0,376.76,0.7466730818113686,1206.705098815508,901.0142149700677,M,New York,13,90.133,899.6496454906278,9.99649645490628,6,Q2
16315,0.0,0.0,13.0,0.0,1.0866361847729955,1389.001198587492,1509.33896307823,M,California,35,44.75,3272.824498498838,33.72824498498838,5,Q2
16316,1.0,33.0,82.0,29.98,0.9837175963807672,1144.2529465348632,1125.6217582168863,F,Chicago,44,691.7950000000001,62.710305540931365,1.6271030554093138,3,Q1
16326,1.0,1.0,32.0,499.84,1.414336685064732,1228.8707684120875,1738.037008968902,M,Washington DC,6,372.966,366.0041421922915,4.660041421922915,10,Q4
16327,1.0,1.0,202.0,580.56,0.2164635363081477,1243.4077593922295,269.15244067103254,M,California,44,1835.702,-85.33790121321258,0.14662098786787428,9,Q3
16350,1.0,117.0,144.0,1021.49,0.844565496453685,1322.8155323465658,1117.204356792923,F,Chicago,31,179.203,523.4294943683549,6.234294943683548,9,Q3
16351,0.0,0.0,23.0,0.0,0.9826208129882272,1389.001198587492,1364.8614869976634,F,New York,20,36.376,3652.0933774952264,37.52093377495226,2,Q1
16353,5.0,188.0,206.0,139.494,2.9107835063457244,734.9959707914436,2139.414149010298,M,Washington DC,6,156.72,1265.1187780821197,13.651187780821196,7,Q3
16359,1.0,13.0,18.0,14.1,1.9300497454955807,1141.393092511515,2202.945447712264,F,New York,49,13.174,16621.917775256294,167.21917775256293,4,Q1
16365,1.0,74.0,166.0,67.59,0.6167872700384609,1151.0261902261807,709.9383016123762,F,California,49,145.227,388.8473228892535,4.888473228892535,3,Q1
16367,0.0,0.0,126.0,0.0,0.5026805220966252,1389.001198587492,698.2238476987985,M,California,20,247.37,182.25890273630534,2.8225890273630534,6,Q2
16385,1.0,1.0,159.0,941.01,0.3144898180869286,1308.3217633415877,411.4538733524657,M,California,19,78.836,421.9111489071816,5.219111489071816,7,Q3
16393,3.0,72.0,198.0,356.82,0.844079287385103,979.0112745723592,826.3631389830184,F,Chicago,20,262.904,214.32124995550404,3.1432124995550406,5,Q2
16395,0.0,0.0,12.0,0.0,1.0983328951160192,1389.001198587492,1525.5857077642206,M,Washington DC,18,1696.415,-10.070017786672445,0.8992998221332755,12,Q4
16401,0.0,0.0,4.0,0.0,1.202483742334164,1389.001198587492,1670.2513593841268,M,Chicago,40,218.616,664.0114901855887,7.640114901855887,4,Q1
16402,1.0,1.0,198.0,4659.53,0.2236722132930537,1977.9958428693103,442.4227080590381,M,Chicago,31,1026.078,-56.882156321542986,0.4311784367845701,7,Q3
16411,0.0,0.0,198.0,0.0,0.3766928826695793,1389.001198587492,523.2268655274231,F,Chicago,40,172.454,203.40082893259833,3.034008289325983,8,Q3
16422,5.0,166.0,192.0,316.23,2.967249186315147,827.5014546097258,2455.4030178653093,F,California,35,926.982,164.88141278528704,2.6488141278528703,13,Q4
16424,0.0,0.0,43.0,0.0,0.8264575793223716,1389.001198587492,1147.9505682604913,M,New Jersey,29,1.0630000000000002,107891.58685423248,1079.9158685423247,1,Q1
16442,1.0,1.0,110.0,520.29,0.515459342071022,1232.5536408791822,635.3312887948259,F,New York,46,993.808,-36.071022894278784,0.6392897710572122,8,Q3
16455,1.0,101.0,212.0,499.42,0.5225377599034685,1228.7951299555505,642.0918545872648,F,Chicago,23,325.366,97.34448423844681,1.9734448423844682,6,Q2
16456,0.0,0.0,241.0,0.0,0.3278800683663184,1389.001198587492,455.4258079537651,M,California,47,2252.567,-79.78191956315771,0.20218080436842284,11,Q4
16458,0.0,0.0,108.0,0.0,0.5488805601639909,1389.001198587492,762.3957559491573,M,Chicago,12,92.34,725.6397616949938,8.256397616949938,4,Q1
16470,0.0,0.0,87.0,0.0,0.6151284965058547,1389.001198587492,854.414218931954,F,New York,13,723.408,18.109589461542306,1.181095894615423,7,Q3
16473,0.0,0.0,38.0,0.0,0.8604588021448054,1389.001198587492,1195.1783075142923,F,Chicago,36,73.56400000000001,1524.6782495708392,16.24678249570839,5,Q2
16477,1.0,159.0,217.0,733.94,0.6150400422434155,1271.0302033532575,781.7344699630445,F,Washington DC,50,618.928,26.304589542409534,1.2630458954240953,14,Q4
16493,0.0,0.0,10.0,0.0,1.1225435645857058,1389.001198587492,1559.214356676221,F,California,37,5.896,26345.290988402667,264.45290988402667,2,Q1
16497,0.0,0.0,25.0,0.0,0.9642697566933384,1389.001198587492,1339.3718478087162,F,California,16,367.421,264.53328683137767,3.645332868313777,7,Q3
16499,4.0,44.0,144.0,479.4425,1.001583195152658,963.61253526185,965.1381219567172,F,Chicago,31,263.602,266.13459759664846,3.661345975966485,6,Q2
16500,0.0,0.0,14.0,0.0,1.0751993196739098,1389.001198587492,1493.4531437475166,M,New Jersey,6,1.92,77684.01790351649,777.840179035165,1,Q1
16503,2.0,89.0,101.0,1414.81,1.911587090053726,1396.8784642764767,2670.254838684988,F,Chicago,29,878.113,204.0901158148197,3.040901158148197,11,Q4
16510,1.0,1.0,229.0,816.41,0.1751574467241825,1285.88235456897,225.23187001398077,F,California,39,206.80100000000002,8.91236986957546,1.0891236986957546,2,Q1
16519,0.0,0.0,144.0,0.0,0.4637688198937442,1389.001198587492,644.1754466999174,F,Chicago,45,7.193999999999999,8854.343156796185,89.54343156796185,3,Q1
16520,1.0,1.0,147.0,645.4,0.3522920302940127,1255.0848963490234,442.156406326148,F,Washington DC,37,719.5600000000001,-38.55183635469621,0.6144816364530379,6,Q2
16525,2.0,149.0,164.0,521.805,1.445321951956655,1124.3188233168337,1625.002676337895,F,California,47,1041.192,56.071375532840726,1.5607137553284074,10,Q4
16531,0.0,0.0,102.0,0.0,0.5662725990717237,1389.001198587492,786.5533188378785,M,New Jersey,28,139.29,464.68757185575316,5.646875718557531,10,Q4
16532,0.0,0.0,50.0,0.0,0.7832824164193164,1389.001198587492,1087.9802152389375,F,New York,7,1.05,103517.16335608928,1036.1716335608928,1,Q1
16539,1.0,158.0,239.0,790.62,0.5488829153555689,1281.2377931544772,703.2495351703648,M,California,2,481.55,46.03873640751007,1.4603873640751006,8,Q3
16546,1.0,9.0,232.0,530.73,0.1994909327308488,1234.4337967988142,246.25834951787857,F,California,42,160.23700000000002,53.68382428395348,1.5368382428395349,4,Q1
16549,0.0,0.0,30.0,0.0,0.9213818773384976,1389.001198587492,1279.8005319799663,F,New Jersey,17,313.494,308.2376479230755,4.082376479230755,4,Q1
16550,1.0,1.0,180.0,3447.67,0.2604591906153098,1759.750081110206,458.3430818111901,F,New York,34,1013.64,-54.78245907706977,0.4521754092293024,7,Q3
16551,0.0,0.0,38.0,0.0,0.8604588021448054,1389.001198587492,1195.1783075142923,F,California,10,122.75,873.6686822927024,9.736686822927025,5,Q2
16552,0.0,0.0,245.0,0.0,0.3239806318664959,1389.001198587492,450.00948598169583,F,California,27,44.934000000000005,901.4899318593842,10.014899318593844,3,Q1
16553,1.0,56.0,157.0,6636.81,0.592352841803756,2334.087288920045,1382.603238609813,M,Chicago,39,1166.719,18.50353329377621,1.185035332937762,5,Q2
16554,0.0,0.0,17.0,0.0,1.0423610498064495,1389.001198587492,1447.8407475420747,F,Chicago,4,99.34200000000001,1357.4306411609132,14.574306411609134,2,Q1
16556,0.0,0.0,102.0,0.0,0.5662725990717237,1389.001198587492,786.5533188378785,F,New York,19,286.51800000000003,174.5214328027832,2.7452143280278323,5,Q2
16558,2.0,91.0,164.0,444.685,1.1479777168791936,1100.7805458034852,1263.6715377565176,M,California,35,714.2950000000001,76.91171543361182,1.7691171543361182,15,Q4
16560,0.0,0.0,82.0,0.0,0.633395530965194,1389.001198587492,879.7871516906152,M,California,49,696.279,26.35554880882739,1.2635554880882738,3,Q1
16565,0.0,0.0,131.0,0.0,0.4912199245508471,1389.001198587492,682.305063971184,F,Chicago,2,12.727999999999998,5260.662036228663,53.60662036228663,2,Q1
16567,0.0,0.0,39.0,0.0,0.853427527130257,1389.001198587492,1185.4118580914862,F,California,20,419.818,182.36327601281656,2.8236327601281657,5,Q2
16570,0.0,0.0,109.0,0.0,0.546087420504399,1389.001198587492,758.5160816141619,M,New York,15,533.2239999999999,42.25092674263761,1.4225092674263762,7,Q3
16579,0.0,0.0,143.0,0.0,0.4657692237617612,1389.001198587492,646.954010070252,M,California,50,22.395,2788.832373611306,28.888323736113062,1,Q1
16583,0.0,0.0,247.0,0.0,0.3220658085890753,1389.001198587492,447.3497941542754,F,California,27,189.03300000000002,136.65169264322915,2.3665169264322916,6,Q2
16593,0.0,0.0,4.0,0.0,1.202483742334164,1389.001198587492,1670.2513593841268,F,Chicago,4,0.47700000000000004,350057.51769059256,3501.5751769059257,1,Q1
16596,0.0,0.0,152.0,0.0,0.4483729742193739,1389.001198587492,622.790598604949,F,New York,18,5.584,11053.126765847943,111.53126765847941,3,Q1
16600,0.0,0.0,50.0,0.0,0.7832824164193164,1389.001198587492,1087.9802152389375,M,Chicago,32,95.27800000000002,1041.9007695784308,11.419007695784307,3,Q1
16607,2.0,16.0,89.0,453.2600000000001,1.1848872980440524,1103.3977751820764,1307.4020085033092,F,California,31,263.724,395.74631376109465,4.957463137610946,4,Q1
16634,0.0,0.0,222.0,0.0,0.3477765080966738,1389.001198587492,483.0619865868525,F,New York,33,105.84200000000001,356.39914834078394,4.563991483407839,2,Q1
16638,2.0,182.0,189.0,146.95499999999998,1.3435682087990408,1009.90851048127,1356.8809684782275,F,New York,34,83.667,1521.7636206368431,16.21763620636843,4,Q1
16654,0.0,0.0,177.0,0.0,0.4063080934980786,1389.001198587492,564.3624288646299,F,California,15,195.846,188.16643120851583,2.8816643120851584,6,Q2
16655,0.0,0.0,18.0,0.0,1.0318787751719125,1389.001198587492,1433.2808555107797,M,Chicago,40,443.71,223.02198632232307,3.230219863223231,8,Q3
16656,2.0,97.0,136.0,57.87,1.482150190313698,982.7183204880564,1456.5361457361305,F,Chicago,46,15.301,9419.221918411415,95.19221918411414,5,Q2
16658,0.0,0.0,179.0,0.0,0.403285778879544,1389.001198587492,560.1644302369768,F,Chicago,40,291.291,92.30406371531453,1.9230406371531452,3,Q1
16665,0.0,0.0,122.0,0.0,0.5122490642522537,1389.001198587492,711.5145642217016,F,Chicago,31,191.472,271.6024088230663,3.716024088230663,4,Q1
16670,2.0,83.0,88.0,981.79,2.095736941085909,1264.7137219420613,2650.5072669722304,F,Chicago,48,887.924,198.50609590147695,2.9850609590147696,12,Q4
16676,0.0,0.0,43.0,0.0,0.8264575793223716,1389.001198587492,1147.9505682604913,F,New York,4,72.389,1485.8080209154589,15.858080209154586,7,Q3
16679,0.0,0.0,157.0,0.0,0.4392668015201328,1389.001198587492,610.1421138111584,M,New York,28,7.755,7767.725516584894,78.67725516584893,1,Q1
16684,2.0,14.0,80.0,352.955,1.3101074902503826,1072.7830588182744,1405.4611207715382,M,California,43,1681.552,-16.418813050590273,0.8358118694940972,7,Q3
16686,1.0,1.0,68.0,5708.74,0.850653226099311,2166.9497118766794,1843.32276320287,M,New York,31,798.574,130.82679416095067,2.3082679416095067,9,Q3
16700,0.0,0.0,152.0,0.0,0.4483729742193739,1389.001198587492,622.790598604949,M,New York,7,700.656,-11.113214101506443,0.8888678589849356,8,Q3
16701,2.0,100.0,118.0,289.885,1.7284243887186983,1053.533069674513,1820.952251947104,F,Washington DC,14,273.19,566.5515765390769,6.665515765390769,6,Q2
16705,2.0,48.0,87.0,68.35,1.775489100801959,985.916986830638,1750.4848644133065,F,California,18,900.4789999999999,94.39485700536122,1.943948570053612,7,Q3
16710,1.0,79.0,180.0,1093.0700000000002,0.5751908262476416,1335.706486439214,768.2861175593059,F,New York,30,1173.433,-34.526631042479124,0.6547336895752087,13,Q4
16711,0.0,0.0,74.0,0.0,0.6650615954947381,1389.001198587492,923.7713532767008,F,Chicago,34,3.897,23604.679324524015,237.04679324524014,1,Q1
16713,2.0,100.0,164.0,4756.725,1.208710193144457,2416.885241973854,2921.313827634205,M,Chicago,5,787.451,270.98356947088837,3.7098356947088837,10,Q4
16717,0.0,0.0,152.0,0.0,0.4483729742193739,1389.001198587492,622.790598604949,F,New York,42,208.26600000000002,199.0361358094691,2.990361358094691,7,Q3
16718,1.0,1.0,200.0,1268.33,0.2200279712090926,1367.2693338026888,300.8374976130133,F,California,39,884.614,-65.99222964897534,0.3400777035102466,8,Q3
16719,3.0,137.0,187.0,2137.1833333333334,1.7167875643014072,1686.1846165704017,2894.820780844402,F,New York,40,1405.642,105.94296277746412,2.059429627774641,12,Q4
16722,2.0,73.0,181.0,652.1899999999999,0.8648193420756018,1164.1144446028543,1006.7486880821452,F,New Jersey,45,467.132,115.51696053409854,2.1551696053409857,12,Q4
16725,2.0,160.0,212.0,3305.0199999999995,1.1192150611633762,1973.801279869141,2209.108120173091,F,Chicago,48,2954.651,-25.232857614212612,0.7476714238578739,26,Q4
16726,0.0,0.0,116.0,0.0,0.5273194418430703,1389.001198587492,732.4473367585119,F,California,19,92.516,691.6980162982748,7.916980162982748,4,Q1
16727,0.0,0.0,132.0,0.0,0.4889913538147868,1389.001198587492,679.2095765476593,F,California,11,345.6,96.53054876957732,1.9653054876957732,7,Q3
16735,1.0,1.0,31.0,3106.05,1.436374935828189,1698.227201295586,2439.290987282632,M,New Jersey,42,598.544,307.5374554389706,4.075374554389706,7,Q3
16743,0.0,0.0,86.0,0.0,0.6186949450434522,1389.001198587492,859.3680202253776,F,California,9,646.2389999999999,32.97990684953673,1.3297990684953673,6,Q2
16746,2.0,83.0,87.0,1258.445,2.11433535222672,1349.1533247098955,2852.5625700083474,M,New York,16,895.578,218.51637378412013,3.185163737841201,7,Q3
16748,0.0,0.0,30.0,0.0,0.9213818773384976,1389.001198587492,1279.8005319799663,M,Chicago,41,343.986,272.05017994336004,3.7205017994336003,7,Q3
16752,0.0,0.0,231.0,0.0,0.3380563520422928,1389.001198587492,469.5606781768599,M,New York,42,96.458,386.8032492658565,4.868032492658565,4,Q1
16754,0.0,0.0,222.0,0.0,0.3477765080966738,1389.001198587492,483.0619865868525,F,New Jersey,5,13.679,3431.4130169372943,35.314130169372945,2,Q1
16770,1.0,144.0,225.0,690.77,0.5669059352530205,1263.2556505706418,716.1471260504126,F,Chicago,26,1683.086,-57.450354524343226,0.4254964547565677,13,Q4
16771,0.0,0.0,47.0,0.0,0.8012000714254682,1389.001198587492,1112.8678595183594,M,Chicago,39,2676.477,-58.42042134050248,0.41579578659497524,13,Q4
16775,1.0,158.0,169.0,1408.86,0.7965050390786083,1392.577601176814,1109.1950766453326,F,Chicago,19,719.4390000000001,54.17499977695572,1.5417499977695572,9,Q3
16779,4.0,148.0,166.0,609.2425000000001,2.694870643638407,1024.3182913448998,2760.405293087223,M,Washington DC,11,1438.259,91.92685692126543,1.9192685692126543,10,Q4
16781,1.0,84.0,227.0,39.98,0.4392455168790848,1146.0538621666944,503.3990210586811,F,New York,38,200.35700000000003,151.25102744535056,2.5125102744535055,2,Q1
16782,3.0,79.0,175.0,2880.14,1.2201221032482408,1981.292440400215,2417.4186995309497,F,New York,45,2116.115,14.238531437608536,1.1423853143760854,19,Q4
16791,0.0,0.0,19.0,0.0,1.021615828463983,1389.001198587492,1419.0256102324258,F,Chicago,7,630.288,125.13923955912627,2.251392395591263,6,Q2
16795,1.0,1.0,145.0,1627.89,0.3591776960402251,1432.0230562608142,514.350742024241,F,California,20,426.847,20.500025073209134,1.2050002507320914,7,Q3
16805,0.0,0.0,101.0,0.0,0.5692814725373516,1389.001198587492,790.7326476880338,F,Chicago,15,734.356,7.677018733153104,1.076770187331531,10,Q4
16810,0.0,0.0,109.0,0.0,0.546087420504399,1389.001198587492,758.5160816141619,F,New York,12,6.27,11997.545161310398,120.97545161310397,1,Q1
16812,0.0,0.0,106.0,0.0,0.5545553512449606,1389.001198587492,770.2780475623579,F,New York,40,373.146,106.4280596770052,2.064280596770052,3,Q1
16814,3.0,195.0,207.0,895.3100000000001,1.8153502854119623,1192.903442425284,2165.537604675652,M,California,22,1672.847,29.452221552577846,1.2945222155257785,18,Q4
16816,0.0,0.0,80.0,0.0,0.6410182116907929,1389.001198587492,890.375064354922,F,Chicago,31,619.114,43.81439675971176,1.4381439675971177,6,Q2
16817,2.0,79.0,178.0,313.735,0.9364903042751755,1060.8124773339189,993.4405996773444,M,California,20,384.44500000000005,158.40903111689428,2.584090311168943,7,Q3
16833,0.0,0.0,30.0,0.0,0.9213818773384976,1389.001198587492,1279.8005319799663,F,California,46,253.252,405.34666339455026,5.053466633945502,6,Q2
16835,0.0,0.0,236.0,0.0,0.3328896976415896,1389.001198587492,462.38418902159583,M,Chicago,11,22.787000000000003,1929.1578049835248,20.29157804983525,2,Q1
16839,2.0,203.0,208.0,337.185,1.2645291893209822,1067.9697984916988,1350.4789835060008,F,New York,10,277.779,386.17029491286263,4.8617029491286265,13,Q4
16843,1.0,1.0,3.0,1130.98,2.3044295289447243,1342.5337575994863,3093.774434617375,M,New York,31,514.845,500.9137574643581,6.009137574643582,5,Q2
16850,0.0,0.0,26.0,0.0,0.9553607377969702,1389.001198587492,1326.997209883422,M,California,22,298.346,344.7846493277678,4.447846493277678,7,Q3
16858,1.0,34.0,189.0,525.5,0.3867312784223168,1233.4919179233664,477.02990634209897,F,Chicago,47,64.529,639.2488746797549,7.392488746797548,4,Q1
16861,0.0,0.0,177.0,0.0,0.4063080934980786,1389.001198587492,564.3624288646299,F,New York,41,4.77,11731.497460474424,118.31497460474422,1,Q1
16863,1.0,56.0,166.0,155.0,0.5536761390627505,1166.7679937640178,646.0115979692526,F,Chicago,22,334.855,92.92278686872008,1.9292278686872009,6,Q2
16873,1.0,68.0,130.0,24.22,0.7812216154046574,1143.2156191309284,893.1047527332995,M,California,6,582.648,53.28375841559561,1.532837584155956,8,Q3
16875,1.0,32.0,55.0,133.66,1.3150356825211087,1162.9248398056898,1529.2876604346263,F,California,3,221.272,591.1347393410041,6.91134739341004,7,Q3
16883,0.0,0.0,220.0,0.0,0.3500137554770446,1389.001198587492,486.1695258797244,F,Washington DC,37,452.78,7.374337620858791,1.073743376208588,2,Q1
16885,0.0,0.0,72.0,0.0,0.6734939267735085,1389.001198587492,935.4838715297998,M,New York,27,1175.2830000000001,-20.40352225550785,0.7959647774449216,7,Q3
16889,0.0,0.0,38.0,0.0,0.8604588021448054,1389.001198587492,1195.1783075142923,F,Chicago,23,871.736,37.1032408337263,1.3710324083372631,9,Q3
16891,1.0,1.0,220.0,8533.7,0.1876381848025579,2675.7011742064874,502.06371140217817,M,Chicago,12,1362.236,-63.14414599216449,0.3685585400783551,7,Q3
16893,1.0,1.0,164.0,2720.2200000000003,0.3003469535702958,1628.74247347264,489.18784005805577,F,New York,50,1106.238,-55.779150593447724,0.44220849406552276,5,Q2
16898,1.0,42.0,186.0,244.0,0.427471884029965,1182.796142887316,505.6120956234168,M,Chicago,40,773.248,-34.61191032845649,0.6538808967154351,7,Q3
16899,0.0,0.0,102.0,0.0,0.5662725990717237,1389.001198587492,786.5533188378785,F,Chicago,36,157.01000000000002,400.9574669370603,5.009574669370603,3,Q1
16904,0.0,0.0,171.0,0.0,0.4156570168910772,1389.001198587492,577.3480946630076,F,California,17,1872.126,-69.16083134025126,0.30839168659748734,7,Q3
16905,0.0,0.0,220.0,0.0,0.3500137554770446,1389.001198587492,486.1695258797244,F,New York,33,201.328,141.48132692905327,2.4148132692905326,4,Q1
16907,0.0,0.0,142.0,0.0,0.4677872527839814,1389.001198587492,649.7570548009003,F,California,16,341.372,90.33695054102276,1.9033695054102278,6,Q2
16916,0.0,0.0,229.0,0.0,0.3401686598091096,1389.001198587492,472.4946761967541,F,New York,7,303.019,55.92905929884069,1.5592905929884069,7,Q3
16919,1.0,82.0,183.0,3696.9,0.5725401181794407,1804.6343014023369,1033.2255361955663,F,New York,10,1700.83,-39.25168675319895,0.6074831324680106,12,Q4
16923,2.0,96.0,129.0,1563.4550000000002,1.5602794045202328,1442.2473343616905,2250.308812028752,F,New York,23,2896.17,-22.30052752328931,0.776994724767107,9,Q3
16926,0.0,0.0,217.0,0.0,0.3534247130205563,1389.001198587492,490.9073499959931,M,California,48,100.254,389.66360444071364,4.896636044407137,5,Q2
16927,0.0,0.0,117.0,0.0,0.524745193590844,1389.001198587492,728.8717028507078,F,Chicago,45,5.338,13554.396831223452,136.5439683122345,2,Q1
16928,0.0,0.0,239.0,0.0,0.3298655418655236,1389.001198587492,458.1836330239248,F,California,19,145.603,214.68007735000296,3.1468007735000296,5,Q2
16931,2.0,134.0,208.0,1774.26,1.0432112105164952,1506.588446799468,1571.6899573358392,F,New Jersey,37,1919.952,-18.139101532963366,0.8186089846703664,24,Q4
16945,0.0,0.0,79.0,0.0,0.6449006757498477,1389.001198587492,895.7678115864219,F,Chicago,9,302.379,196.2400866417383,2.962400866417383,5,Q2
16950,0.0,0.0,169.0,0.0,0.4188710451304406,1389.001198587492,581.8123837397774,F,Chicago,26,45.900000000000006,1167.5651061868787,12.675651061868786,2,Q1
16954,0.0,0.0,98.0,0.0,0.5785076358599254,1389.001198587492,803.5477996014527,F,California,6,116.952,587.0748679812681,6.870748679812681,4,Q1
16955,3.0,208.0,242.0,240.40666666666667,1.5578069525891247,932.7710468361864,1453.077221935247,F,New York,15,204.144,611.7903156278152,7.117903156278151,7,Q3
16983,0.0,0.0,204.0,0.0,0.3690170264826934,1389.001198587492,512.5650920836534,F,New York,21,146.298,250.35686891389724,3.5035686891389726,8,Q3
16985,0.0,0.0,88.0,0.0,0.6116039626600183,1389.001198587492,849.518637195625,F,Chicago,5,937.1170000000001,-9.347644190039773,0.9065235580996023,6,Q2
16995,0.0,0.0,222.0,0.0,0.3477765080966738,1389.001198587492,483.0619865868525,F,California,50,1.7530000000000001,27456.302714595124,275.5630271459512,1,Q1
16996,2.0,30.0,88.0,72.95,1.4780350334708576,987.3209815993284,1459.295000084643,F,New York,13,72.415,1915.1833184901514,20.151833184901513,5,Q2
17001,0.0,0.0,88.0,0.0,0.6116039626600183,1389.001198587492,849.518637195625,F,California,18,310.061,173.9843570122089,2.739843570122089,11,Q4
17007,1.0,15.0,74.0,14.16,0.9275901702009256,1141.403898005306,1058.7550360187415,F,Chicago,3,364.575,190.4080192055795,2.9040801920557953,7,Q3
17017,4.0,135.0,235.0,1346.9975,1.4178893638981358,1369.356620151142,1941.596187095804,M,California,40,1580.0900000000001,22.878835198995233,1.2287883519899523,14,Q4
17019,2.0,169.0,182.0,3225.315,1.3601752477811313,1949.4740183390395,2651.626305937181,M,New York,25,2002.486,32.41672131226789,1.324167213122679,14,Q4
17025,1.0,1.0,239.0,890.3299999999999,0.1625738255640179,1299.1947229194668,211.21505625760207,F,Chicago,45,111.417,89.57165985226857,1.8957165985226856,2,Q1
17026,0.0,0.0,201.0,0.0,0.3728149844161798,1389.001198587492,517.8404602054508,M,California,23,27.756,1765.688356411049,18.65688356411049,2,Q1
17033,0.0,0.0,94.0,0.0,0.5912962499716716,1389.001198587492,821.3111999309411,M,California,47,120.039,584.2036337614784,6.842036337614784,3,Q1
17041,0.0,0.0,108.0,0.0,0.5488805601639909,1389.001198587492,762.3957559491573,F,New York,15,120.71,531.5928721308569,6.315928721308569,4,Q1
17044,0.0,0.0,89.0,0.0,0.6081205944091702,1389.001198587492,844.6802345200755,F,Washington DC,29,14.090999999999998,5894.466216166884,59.94466216166884,1,Q1
17048,0.0,0.0,15.0,0.0,1.064013422692855,1389.001198587492,1477.9159194335552,F,Chicago,39,220.726,569.5703811211888,6.695703811211888,7,Q3
17059,1.0,1.0,204.0,5057.62,0.2129767337907832,2049.688493256882,436.53596058240254,M,California,24,1715.364,-74.55140946280774,0.25448590537192256,7,Q3
17062,3.0,120.0,206.0,573.84,1.3428632524054376,1065.2132063954975,1430.4356708454825,M,Chicago,44,1133.579,26.187559124285343,1.2618755912428534,13,Q4
17064,0.0,0.0,2.0,0.0,1.2318953085992537,1389.001198587492,1711.1040601786715,M,Chicago,7,1002.12,70.74841936880529,1.7074841936880527,7,Q3
17068,2.0,165.0,179.0,126.84,1.3716685477045722,1003.7690855307904,1376.8384837807655,F,Washington DC,31,1490.8400000000001,-7.646797524833962,0.9235320247516604,12,Q4
17069,2.0,180.0,237.0,754.1650000000001,1.0339621519000353,1195.238872110942,1235.8317562424006,F,California,10,221.372,458.2601938105996,5.582601938105996,5,Q2
17076,0.0,0.0,139.0,0.0,0.4739494853605295,1389.001198587492,658.3164032357004,M,New York,46,106.477,518.2709911395892,6.182709911395891,2,Q1
17085,2.0,60.0,125.0,2489.4700000000003,1.3064580285905796,1724.8821638679574,2253.4861513579845,F,California,19,847.902,165.77200565135882,2.657720056513588,16,Q4
17090,0.0,0.0,63.0,0.0,0.7143370931938443,1389.001198587492,992.2150786417546,F,New Jersey,23,9.259,10616.222903572248,107.1622290357225,2,Q1
17091,0.0,0.0,174.0,0.0,0.4109286563199133,1389.001198587492,570.7803961623072,F,California,37,784.384,-27.232019500358607,0.7276798049964139,10,Q4
17095,1.0,15.0,33.0,721.08,1.566834041204446,1268.7142258507224,1987.8646376232573,M,California,35,129.618,1433.6331663991555,15.336331663991555,5,Q2
17097,1.0,1.0,144.0,1639.98,0.3626884039595462,1434.2003632596984,520.1678407088615,M,California,33,1239.1760000000002,-58.023086251762344,0.41976913748237654,12,Q4
17114,0.0,0.0,32.0,0.0,0.905321284154208,1389.001198587492,1257.492348796962,M,California,19,521.382,141.18445761398786,2.4118445761398783,8,Q3
17126,1.0,1.0,128.0,4251.56,0.4257038003737952,1904.5238878374896,810.7630569550952,F,Chicago,32,1261.7359999999999,-35.742258526736556,0.6425774147326344,8,Q3
17128,0.0,0.0,31.0,0.0,0.9132778488323244,1389.001198587492,1268.544026671505,F,New York,47,182.712,594.2861041811732,6.942861041811732,6,Q2
17135,0.0,0.0,221.0,0.0,0.3488915073914823,1389.001198587492,484.6107219437658,F,California,45,140.9,243.93947618436175,3.439394761843618,2,Q1
17146,0.0,0.0,86.0,0.0,0.6186949450434522,1389.001198587492,859.3680202253776,M,California,5,528.828,62.50425851607283,1.6250425851607282,4,Q1
17158,1.0,1.0,104.0,1799.81,0.5509695097203801,1462.9843978032577,806.0597963862263,M,California,17,407.306,97.90030011495688,1.979003001149569,5,Q2
17179,0.0,0.0,115.0,0.0,0.5299195925196644,1389.001198587492,736.0589491648091,F,New Jersey,31,361.34799999999996,103.69808305700022,2.0369808305700023,4,Q1
17181,0.0,0.0,245.0,0.0,0.3239806318664959,1389.001198587492,450.00948598169583,F,New York,49,32.70100000000001,1276.1337145093291,13.761337145093291,2,Q1
17188,2.0,70.0,124.0,283.45000000000005,1.420460398263511,1051.5690030796168,1493.7121249160352,M,Chicago,8,635.5120000000001,135.04074272650007,2.350407427265001,12,Q4
17189,0.0,0.0,89.0,0.0,0.6081205944091702,1389.001198587492,844.6802345200755,F,New York,42,1103.601,-23.461447160697084,0.7653855283930292,7,Q3
17191,1.0,1.0,178.0,2979.41,0.2650387528495733,1675.4204057340744,444.0513348344852,M,Chicago,13,2093.436,-78.78839693047767,0.21211603069522314,7,Q3
17194,1.0,1.0,108.0,1390.94,0.5269469249080785,1389.3503603645722,732.113900014042,F,New Jersey,19,273.284,167.89490054816306,2.678949005481631,6,Q2
17198,2.0,69.0,214.0,1167.59,0.6184876148886401,1321.4229019469904,817.2836988844194,F,New York,18,1617.734,-49.47972294058112,0.5052027705941888,11,Q4
17204,0.0,0.0,65.0,0.0,0.7048251949762043,1389.001198587492,979.0030406166104,F,Chicago,29,34.7,2721.3344109988766,28.21334410998877,1,Q1
17211,2.0,142.0,201.0,1205.395,1.125444132884074,1332.961602431847,1500.1738148166758,F,Chicago,29,767.5690000000001,95.44481536079175,1.9544481536079175,9,Q3
17213,3.0,111.0,158.0,397.6366666666666,1.886919656658411,995.2239532068066,1877.907640083214,M,Chicago,25,543.672,245.41187335069927,3.4541187335069927,12,Q4
17214,0.0,0.0,90.0,0.0,0.6046776606743685,1389.001198587492,839.8979954357785,F,California,28,539.3009999999999,55.73826034733453,1.5573826034733453,7,Q3
17218,3.0,147.0,176.0,1749.18,1.92364491702101,1532.0668537506135,2947.15261575374,F,Chicago,31,1668.652,76.6187686679871,1.766187686679871,21,Q4
17220,0.0,0.0,131.0,0.0,0.4912199245508471,1389.001198587492,682.305063971184,F,New York,19,1498.662,-54.47238510276606,0.45527614897233937,7,Q3
17223,0.0,0.0,178.0,0.0,0.4047912190099484,1389.001198587492,562.2554883825104,F,California,10,2268.975,-75.21984647770422,0.2478015352229577,7,Q3
17227,0.0,0.0,188.0,0.0,0.3902305111895721,1389.001198587492,542.0306477677253,F,New Jersey,19,71.577,657.2693012667831,7.572693012667831,5,Q2
17228,3.0,52.0,225.0,714.0166666666668,0.3937952016810214,1120.8924039956946,441.4020502942095,M,Chicago,42,705.8389999999999,-37.464202134734755,0.6253579786526524,7,Q3
17230,2.0,57.0,96.0,1030.49,1.7165437482403778,1279.5777535149357,2196.451193183529,M,California,29,1488.908,47.520947780758064,1.4752094778075806,9,Q3
17231,1.0,1.0,116.0,2762.77,0.4829440237122955,1636.4053694860818,790.292193564014,F,California,5,1690.848,-53.26060097867968,0.4673939902132031,13,Q4
17235,0.0,0.0,229.0,0.0,0.3401686598091096,1389.001198587492,472.4946761967541,M,California,12,183.221,157.8823804022214,2.578823804022214,1,Q1
17236,0.0,0.0,127.0,0.0,0.5003450192481711,1389.001198587492,694.9798314429913,F,California,28,352.164,97.34550704870213,1.9734550704870213,9,Q3
17238,1.0,1.0,214.0,4800.39,0.1966358760089225,2003.363540459286,393.93314474254817,F,Chicago,20,1558.5520000000001,-74.72441440885206,0.2527558559114795,14,Q4
17239,0.0,0.0,58.0,0.0,0.7393186427771292,1389.001198587492,1026.9144809555105,F,California,28,534.572,92.10031220406428,1.9210031220406427,5,Q2
17243,3.0,178.0,211.0,1042.71,1.7040667104562557,1251.4518008748769,2132.557353611408,M,Chicago,9,1218.503,75.01453452403548,1.7501453452403548,13,Q4
17251,0.0,0.0,129.0,0.0,0.4957397078763909,1389.001198587492,688.58304842772,M,California,46,369.802,86.20317046087364,1.8620317046087365,6,Q2
17259,1.0,1.0,183.0,3424.66,0.2537878282617014,1755.6061742413622,445.5514782435494,M,Chicago,8,1549.371,-71.24307359286128,0.2875692640713873,7,Q3
17262,0.0,0.0,157.0,0.0,0.4392668015201328,1389.001198587492,610.1421138111584,F,California,22,0.9570000000000002,63655.706772325844,637.5570677232585,1,Q1
17284,1.0,1.0,36.0,5626.94,1.330602429625011,2152.2182220083,2863.7467952874645,F,New York,38,1215.586,135.58570066514952,2.3558570066514952,8,Q3
17287,1.0,59.0,231.0,874.3699999999999,0.3627874550090002,1296.320461571064,470.2888011294588,F,Washington DC,45,296.307,58.716736739077646,1.5871673673907765,8,Q3
17288,0.0,0.0,83.0,0.0,0.6296535520745015,1389.001198587492,874.5895385263543,M,California,3,337.908,158.82475067957972,2.5882475067957973,4,Q1
17293,0.0,0.0,114.0,0.0,0.5325460451602559,1389.001198587492,739.7070950306241,M,Chicago,16,569.137,29.969953636931745,1.2996995363693173,8,Q3
17303,0.0,0.0,116.0,0.0,0.5273194418430703,1389.001198587492,732.4473367585119,F,Chicago,39,510.308,43.53044372389066,1.4353044372389065,5,Q2
17306,0.0,0.0,59.0,0.0,0.7341789265813142,1389.001198587492,1019.7754089991236,F,California,9,24.055,4139.349029304193,42.39349029304193,5,Q2
17307,0.0,0.0,143.0,0.0,0.4657692237617612,1389.001198587492,646.954010070252,F,New York,17,1.919,33613.080253791144,337.1308025379114,1,Q1
17315,3.0,21.0,75.0,423.3933333333334,2.0165331418691106,1005.4546896550204,2027.5327043370696,F,New York,10,2155.453,-5.9347290645136015,0.940652709354864,12,Q4
17320,0.0,0.0,175.0,0.0,0.4093766767470278,1389.001198587492,568.6246946753859,F,California,40,433.182,31.266925836111803,1.3126692583611181,5,Q2
17324,1.0,142.0,160.0,1405.78,0.8119039953795257,1392.0229191622095,1130.1889697276686,M,New Jersey,49,293.33299999999997,285.29213205730986,3.8529213205730986,9,Q3
17338,2.0,101.0,117.0,1464.59,1.747949831103442,1412.0721294037394,2468.231240097144,F,New Jersey,40,1315.488,87.62856370389878,1.8762856370389878,9,Q3
17339,0.0,0.0,144.0,0.0,0.4637688198937442,1389.001198587492,644.1754466999174,F,California,21,2.24,28657.832441960596,287.57832441960596,1,Q1
17340,3.0,95.0,155.0,3263.123333333333,1.7512814862892176,2133.416222491258,3736.2123329980186,F,California,36,972.955,284.0066943484558,3.8400669434845582,8,Q3
17341,1.0,1.0,160.0,8866.56,0.3115906310185895,2735.646451927623,852.4018041998935,F,New York,13,1074.369,-20.660238316640413,0.7933976168335959,10,Q4
17343,0.0,0.0,66.0,0.0,0.7001665020122176,1389.001198587492,972.5321105057818,M,New York,32,101.581,857.3956847301973,9.573956847301973,6,Q2
17346,2.0,145.0,241.0,818.5200000000001,0.8913039239222399,1214.8810641411744,1082.8282595678552,F,New Jersey,12,569.369,90.18040314240065,1.9018040314240066,8,Q3
17358,1.0,1.0,69.0,2010.77,0.8397045546134076,1500.97651397237,1260.376815150354,F,Chicago,6,471.612,167.24867372975115,2.6724867372975116,8,Q3
17364,0.0,0.0,15.0,0.0,1.064013422692855,1389.001198587492,1477.9159194335552,M,New York,39,418.056,253.5210401079174,3.5352104010791745,10,Q4
17365,0.0,0.0,22.0,0.0,0.9920739694221792,1389.001198587492,1377.9919326148574,F,New York,11,841.474,63.759300063324275,1.6375930006332429,9,Q3
17368,1.0,30.0,44.0,289.68,1.4837760326839082,1191.0227254935214,1767.2109744691527,M,Chicago,8,291.25600000000003,506.75521687764456,6.067552168776446,12,Q4
17371,0.0,0.0,113.0,0.0,0.5351992076773896,1389.001198587492,743.3923409469702,M,New Jersey,24,259.012,187.01077206730582,2.8701077206730585,2,Q1
17372,2.0,25.0,126.0,1987.345,0.8335483552266623,1571.6254522965096,1310.0258107941147,F,New York,4,1659.74,-21.070420017947708,0.7892957998205229,10,Q4
17375,0.0,0.0,113.0,0.0,0.5351992076773896,1389.001198587492,743.3923409469702,M,New Jersey,21,1116.472,-33.4159440678342,0.6658405593216581,10,Q4
17377,4.0,174.0,246.0,734.27,1.733405012676962,1082.792011827746,1876.9171009887875,M,Chicago,34,658.251,185.13699196640607,2.8513699196640605,10,Q4
17381,2.0,204.0,230.0,221.32,1.13545554530504,1032.6059172146747,1172.4781148161994,M,New Jersey,17,601.848,94.8129951110911,1.948129951110911,5,Q2
17389,2.0,42.0,52.0,384.08,2.558591307729736,1082.2829147259893,2769.1196581223194,F,New York,2,530.978,421.5130679844211,5.215130679844211,7,Q3
17392,0.0,0.0,79.0,0.0,0.6449006757498477,1389.001198587492,895.7678115864219,M,Chicago,6,2212.248,-59.508707360728906,0.40491292639271087,7,Q3
17396,0.0,0.0,221.0,0.0,0.3488915073914823,1389.001198587492,484.6107219437658,F,California,13,2.2470000000000003,21467.010322374976,215.67010322374975,2,Q1
17400,0.0,0.0,58.0,0.0,0.7393186427771292,1389.001198587492,1026.9144809555105,F,California,45,641.377,60.11089904307616,1.6011089904307616,5,Q2
17402,2.0,190.0,197.0,1173.92,1.3070859885895818,1323.35492083521,1729.7386749547784,F,California,37,394.378,338.59918021663947,4.385991802166394,8,Q3
17404,2.0,27.0,102.0,1045.49,1.1812116715126766,1284.1559973258825,1516.8600520843338,F,New Jersey,11,1071.943,41.50566327541053,1.4150566327541052,11,Q4
17406,3.0,153.0,165.0,2047.493333333333,2.100395640754398,1650.559092355042,3466.8271223900665,F,Chicago,3,1500.902,130.98291043586232,2.309829104358623,15,Q4
17411,0.0,0.0,149.0,0.0,0.4540231639035437,1389.001198587492,630.6387188485076,F,Chicago,16,16.144000000000002,3806.3349780011613,39.06334978001161,2,Q1
17412,1.0,145.0,224.0,1657.59,0.5715218975059165,1437.3717756873532,821.4894446622848,F,California,19,459.81100000000004,78.6580670454349,1.786580670454349,10,Q4
17419,0.0,0.0,169.0,0.0,0.4188710451304406,1389.001198587492,581.8123837397774,F,New York,48,624.774,-6.876345088019447,0.9312365491198055,6,Q2
17420,0.0,0.0,250.0,0.0,0.3192360225625719,1389.001198587492,443.419217971716,F,New York,19,54.40200000000001,715.0788904299768,8.150788904299768,3,Q1
17428,4.0,166.0,189.0,557.975,2.452699642694355,1000.3411545961496,2453.536392450435,F,California,14,410.7,497.4035530680387,5.974035530680387,10,Q4
17430,0.0,0.0,147.0,0.0,0.4578710492832991,1389.001198587492,635.983436253015,F,Chicago,36,129.0,393.01041570001166,4.930104157000117,1,Q1
17442,0.0,0.0,143.0,0.0,0.4657692237617612,1389.001198587492,646.954010070252,M,California,34,21.945,2848.07022132719,29.480702213271908,1,Q1
17449,1.0,1.0,97.0,1770.95,0.5966541277525352,1457.7869552897923,869.7946042574551,F,Chicago,24,2028.708,-57.12568766636426,0.4287431233363575,7,Q3
17450,2.0,151.0,174.0,1571.5300000000002,1.366239277303325,1444.7119556132502,1973.8222181485205,F,California,17,519.736,279.77400413835494,3.7977400413835496,10,Q4
17454,0.0,0.0,97.0,0.0,0.5816514212155708,1389.001198587492,807.9145212285459,M,New Jersey,15,312.76800000000003,158.3111191773282,2.583111191773282,3,Q1
17456,0.0,0.0,143.0,0.0,0.4657692237617612,1389.001198587492,646.954010070252,F,New Jersey,34,80.762,701.0623932917116,8.010623932917115,6,Q2
17457,0.0,0.0,53.0,0.0,0.7661756188598176,1389.001198587492,1064.2188529248,F,Chicago,47,165.202,544.1924752271765,6.441924752271765,4,Q1
17460,1.0,11.0,237.0,64.68,0.1991740400923032,1150.5021237773176,229.15015612750352,F,California,35,47.297000000000004,384.4919469046737,4.8449194690467365,4,Q1
17470,0.0,0.0,174.0,0.0,0.4109286563199133,1389.001198587492,570.7803961623072,F,California,48,269.088,112.11662956442024,2.1211662956442026,3,Q1
17491,0.0,0.0,172.0,0.0,0.4140686844662978,1389.001198587492,575.1418990212336,F,New Jersey,31,78.813,629.7551152998028,7.297551152998028,4,Q1
17496,0.0,0.0,89.0,0.0,0.6081205944091702,1389.001198587492,844.6802345200755,F,Chicago,7,77.4,991.3181324548779,10.913181324548779,5,Q2
17511,7.0,204.0,249.0,1232.6814285714286,3.2092165171116087,1294.284339593402,4153.638680462037,F,Chicago,25,4581.738,-9.343601042616651,0.9065639895738334,19,Q4
17519,1.0,66.0,176.0,85.0,0.5495162366415698,1154.161584341199,634.2305303034474,F,New Jersey,46,455.52500000000003,39.230674563074984,1.3923067456307499,5,Q2
17524,0.0,0.0,115.0,0.0,0.5299195925196644,1389.001198587492,736.0589491648091,F,California,4,48.336000000000006,1422.7965681165363,15.227965681165363,3,Q1
17525,0.0,0.0,95.0,0.0,0.5880451161974147,1389.001198587492,816.79537122173,M,New York,11,105.084,677.2785307199288,7.772785307199288,7,Q3
17526,1.0,40.0,149.0,55.98,0.5602246012095993,1148.9353271776245,643.6618354837051,M,California,22,55.502,1059.7092636007803,11.597092636007803,6,Q2
17530,1.0,1.0,141.0,3387.33,0.3735010288061716,1748.883356187736,653.2097327981096,F,Chicago,28,527.75,23.772568981167144,1.2377256898116715,7,Q3
17547,0.0,0.0,227.0,0.0,0.3423078030814855,1389.001198587492,475.4659487660346,M,Chicago,41,16.113000000000003,2850.8219994168344,29.508219994168343,2,Q1
17548,0.0,0.0,249.0,0.0,0.3201736923733579,1389.001198587492,444.72164246277714,M,Chicago,50,56.403000000000006,688.4716104866355,7.8847161048663565,3,Q1
17551,0.0,0.0,92.0,0.0,0.5979102592763309,1389.001198587492,830.4980667825816,M,Chicago,32,745.068,11.466076490009188,1.114660764900092,10,Q4
17552,0.0,0.0,221.0,0.0,0.3488915073914823,1389.001198587492,484.6107219437658,F,New York,44,110.031,340.4310802807988,4.404310802807988,4,Q1
17555,0.0,0.0,31.0,0.0,0.9132778488323244,1389.001198587492,1268.544026671505,F,Chicago,27,701.582,80.8119402538128,1.8081194025381282,6,Q2
17567,0.0,0.0,226.0,0.0,0.3433875997891837,1389.001198587492,476.96578768725817,F,California,9,122.128,290.5458106963663,3.9054581069636627,6,Q2
17569,1.0,1.0,20.0,826.4300000000001,1.7126494205845584,1287.686872032065,2205.3561752800583,F,California,41,351.482,527.4449830375547,6.274449830375548,6,Q2
17572,0.0,0.0,243.0,0.0,0.3259185768378566,1389.001198587492,452.70129386971246,F,Chicago,49,15.239999999999998,2870.4809309036254,29.704809309036253,2,Q1
17576,2.0,31.0,142.0,1373.775,0.7581371433392777,1384.3539152909964,1049.5301227092605,F,California,23,1283.755,-18.245294257139378,0.8175470574286062,12,Q4
17580,0.0,0.0,81.0,0.0,0.6371834608781161,1389.001198587492,885.0485908798295,M,Chicago,30,935.49,-5.391977372304411,0.9460802262769559,8,Q3
17581,3.0,218.0,227.0,850.4966666666668,1.714791260012181,1175.103258549293,2015.056797372162,M,California,25,743.511,171.01909687579095,2.7101909687579098,10,Q4
17585,0.0,0.0,47.0,0.0,0.8012000714254682,1389.001198587492,1112.8678595183594,F,California,26,314.55,253.7968079854902,3.537968079854902,7,Q3
17591,1.0,1.0,169.0,4414.96,0.2870472616321237,1933.9508492616133,555.1352954116662,F,New York,25,1455.25,-61.852925929450876,0.3814707407054913,14,Q4
17593,0.0,0.0,58.0,0.0,0.7393186427771292,1389.001198587492,1026.9144809555105,F,New York,22,75.518,1259.8274331358225,13.598274331358226,6,Q2
17596,0.0,0.0,185.0,0.0,0.3944861025319941,1389.001198587492,547.9416692430481,F,California,38,1316.262,-58.37138280653487,0.4162861719346514,7,Q3
17609,0.0,0.0,2.0,0.0,1.2318953085992537,1389.001198587492,1711.1040601786715,M,New York,21,1972.155,-13.23683685214035,0.8676316314785966,10,Q4
17611,0.0,0.0,115.0,0.0,0.5299195925196644,1389.001198587492,736.0589491648091,M,New York,26,3013.707,-75.57629360900681,0.24423706390993188,22,Q4
17616,0.0,0.0,174.0,0.0,0.4109286563199133,1389.001198587492,570.7803961623072,F,New York,6,35.7,1498.8246391101038,15.98824639110104,1,Q1
17618,0.0,0.0,121.0,0.0,0.5146995151755083,1389.001198587492,714.918243491182,F,Chicago,17,461.04,55.06642449487723,1.5506642449487722,8,Q3
17621,0.0,0.0,63.0,0.0,0.7143370931938443,1389.001198587492,992.2150786417546,M,California,25,415.212,138.9658966122739,2.389658966122739,6,Q2
17629,1.0,75.0,98.0,22.99,1.0438375513563178,1142.994106508213,1193.1001693522355,F,New York,11,361.766,229.79886704450817,3.297988670445082,3,Q1
17633,0.0,0.0,89.0,0.0,0.6081205944091702,1389.001198587492,844.6802345200755,F,Chicago,17,4.797,17508.510204712853,176.08510204712852,1,Q1
17634,0.0,0.0,43.0,0.0,0.8264575793223716,1389.001198587492,1147.9505682604913,F,Chicago,32,375.2,205.95697448307337,3.0595697448307337,8,Q3
17643,0.0,0.0,240.0,0.0,0.3288697797351133,1389.001198587492,456.8005182312768,F,California,33,57.78,690.5858744051174,7.905858744051173,3,Q1
17646,0.0,0.0,144.0,0.0,0.4637688198937442,1389.001198587492,644.1754466999174,M,New Jersey,13,91.174,606.5341508543196,7.065341508543196,6,Q2
17655,1.0,71.0,152.0,34.94,0.6713143542769925,1145.1462006882514,768.7530822677847,F,New York,2,27.907999999999998,2654.5975428829897,27.545975428829898,2,Q1
17659,1.0,143.0,223.0,100.55,0.5712176299331391,1156.9620081486964,660.8770962173835,F,California,33,164.264,302.3261921159739,4.023261921159739,6,Q2
17671,0.0,0.0,144.0,0.0,0.4637688198937442,1389.001198587492,644.1754466999174,F,New York,34,32.424,1886.7241756104042,19.86724175610404,5,Q2
17674,0.0,0.0,189.0,0.0,0.3888325667392796,1389.001198587492,540.0889012507104,M,Chicago,2,120.26400000000001,349.08609496666526,4.4908609496666525,4,Q1
17675,3.0,120.0,171.0,358.0466666666666,1.7827645174992863,979.4985155472452,1746.215198460852,F,New York,17,1355.93,28.783580159805588,1.2878358015980558,11,Q4
17676,0.0,0.0,157.0,0.0,0.4392668015201328,1389.001198587492,610.1421138111584,M,New York,15,98.20400000000001,521.3006739146658,6.213006739146658,2,Q1
17677,2.0,80.0,189.0,456.305,0.8597521305160166,1104.327158675699,949.4476274581313,M,New York,3,477.24399999999997,98.94385837394107,1.9894385837394106,10,Q4
17682,0.0,0.0,180.0,0.0,0.4017916428527043,1389.001198587492,558.0890735048438,M,Chicago,39,314.889,77.23358818658123,1.7723358818658124,5,Q2
17685,2.0,219.0,227.0,654.655,1.1844633309292494,1164.86680266912,1379.7420131783706,M,Washington DC,37,896.4279999999999,53.91554181466562,1.5391554181466562,14,Q4
17690,2.0,103.0,238.0,744.28,0.7071185264966127,1192.2218094395278,843.0421291480042,F,Chicago,6,1538.582,-45.20655193236343,0.5479344806763657,11,Q4
17691,1.0,108.0,188.0,190.9,0.6206690549536277,1173.233280882292,728.1895916853563,F,Chicago,48,146.679,396.45115639277356,4.9645115639277355,6,Q2
17692,0.0,0.0,93.0,0.0,0.5945844147380472,1389.001198587492,825.87846473259,F,New Jersey,11,841.0500000000001,-1.8038803005065138,0.9819611969949349,6,Q2
17696,1.0,100.0,139.0,125.0,0.8305796204159654,1161.365246868524,964.6063059083524,F,California,2,104.097,826.6417917023089,9.26641791702309,6,Q2
17700,0.0,0.0,143.0,0.0,0.4657692237617612,1389.001198587492,646.954010070252,F,New York,21,3.717,17305.27334060404,174.05273340604035,3,Q1
17702,0.0,0.0,145.0,0.0,0.4617858081275857,1389.001198587492,641.4210409799101,F,Chicago,28,55.265,1060.627957984095,11.606279579840951,3,Q1
17706,0.0,0.0,164.0,0.0,0.4271311286374888,1389.001198587492,593.2856496315002,M,New Jersey,29,685.452,-13.446069216881682,0.8655393078311832,6,Q2
17707,0.0,0.0,36.0,0.0,0.874889702286711,1389.001198587492,1215.2228451080955,F,Chicago,4,4.606,26283.47470925088,263.8347470925088,3,Q1
17720,0.0,0.0,173.0,0.0,0.412492611957505,1389.001198587492,572.9527324174596,F,Chicago,28,14.697000000000001,3798.433234112129,38.98433234112129,1,Q1
17722,2.0,53.0,161.0,740.045,0.8444281874019214,1190.9292186035705,1005.6542013893996,F,Chicago,12,1160.2920000000001,-13.32748985691537,0.8667251014308464,17,Q4
17732,0.0,0.0,235.0,0.0,0.333910231185839,1389.001198587492,463.8017113377569,F,Chicago,8,184.571,151.28634039895593,2.512863403989559,4,Q1
17735,0.0,0.0,173.0,0.0,0.412492611957505,1389.001198587492,572.9527324174596,M,New Jersey,49,1138.652,-49.681488952071426,0.5031851104792857,13,Q4
17739,1.0,77.0,101.0,138.23000000000002,1.0252693712387055,1163.7478582494368,1193.1550349077904,F,California,7,134.67600000000002,785.9448119247604,8.859448119247604,3,Q1
17742,0.0,0.0,23.0,0.0,0.9826208129882272,1389.001198587492,1364.8614869976634,F,Chicago,35,217.368,527.9035952843396,6.2790359528433966,6,Q2
17744,2.0,72.0,83.0,239.395,2.10856505637277,1038.1227010068658,2188.949251570394,F,New York,42,668.373,227.5041408869589,3.275041408869589,8,Q3
17752,0.0,0.0,89.0,0.0,0.6081205944091702,1389.001198587492,844.6802345200755,F,California,38,47.4,1682.025811223788,17.82025811223788,1,Q1
17757,5.0,193.0,222.0,1024.926,2.686902122937972,1198.440405135263,3220.0920687725816,F,New York,45,1341.671,140.00608709382416,2.4000608709382414,18,Q4
17760,0.0,0.0,239.0,0.0,0.3298655418655236,1389.001198587492,458.1836330239248,F,New Jersey,45,87.06200000000001,426.2728090601235,5.262728090601235,3,Q1
17787,1.0,1.0,217.0,1536.68,0.1920657045541691,1415.5969047828812,271.8876168818252,M,California,8,1827.6970000000001,-85.12403221749419,0.14875967782505808,12,Q4
17790,2.0,62.0,138.0,765.4350000000001,1.168352333918553,1198.6786592942333,1400.4790092047797,F,Washington DC,34,352.659,297.119883288043,3.9711988328804306,11,Q4
17796,2.0,173.0,205.0,1645.125,1.2069139893757588,1467.174345831026,1770.7532428366928,F,Washington DC,5,1944.534,-8.936884475319395,0.910631155246806,7,Q3
17799,0.0,0.0,116.0,0.0,0.5273194418430703,1389.001198587492,732.4473367585119,F,Chicago,14,1147.155,-36.150970290979686,0.6384902970902031,11,Q4
17800,0.0,0.0,30.0,0.0,0.9213818773384976,1389.001198587492,1279.8005319799663,F,Chicago,12,95.994,1233.2088797007796,13.332088797007795,5,Q2
17802,0.0,0.0,228.0,0.0,0.3412348448639776,1389.001198587492,473.9756085158817,F,California,13,61.657000000000004,668.7295984492947,7.687295984492947,5,Q2
17809,1.0,33.0,250.0,885.04,0.2492980960215038,1298.242038550228,323.6492683856476,F,New Jersey,24,159.116,103.40460317356366,2.034046031735637,6,Q2
17811,0.0,0.0,26.0,0.0,0.9553607377969702,1389.001198587492,1326.997209883422,M,California,35,3585.511,-62.99001146884162,0.3700998853115838,20,Q4
17812,1.0,1.0,176.0,1213.55,0.2697275775906884,1357.403917971517,366.1292706065669,M,Chicago,20,323.17199999999997,13.292386285497168,1.1329238628549716,6,Q2
17816,0.0,0.0,144.0,0.0,0.4637688198937442,1389.001198587492,644.1754466999174,F,Chicago,29,184.004,250.08774086428414,3.500877408642842,4,Q1
17819,1.0,91.0,215.0,38.620000000000005,0.4898087640998041,1145.8089376407654,561.2272596403328,M,Chicago,13,150.222,273.59858052770755,3.735985805277075,2,Q1
17820,0.0,0.0,89.0,0.0,0.6081205944091702,1389.001198587492,844.6802345200755,F,Chicago,35,107.517,685.6248170243548,7.856248170243548,2,Q1
17827,3.0,3.0,139.0,2535.69,0.2852586796801811,1844.4743802376493,526.1523264105123,M,California,32,707.072,-25.587164191127314,0.7441283580887269,10,Q4
17838,2.0,83.0,225.0,311.67499999999995,0.6553948713829546,1060.1837318505486,694.8389805784911,F,California,14,312.923,122.04790973450055,2.2204790973450055,5,Q2
17841,13.0,238.0,241.0,3083.849230769231,6.871232625739856,2644.2488553919525,18169.249005744456,M,California,21,8579.098,111.78507350941153,2.1178507350941156,30,Q4
17848,1.0,66.0,79.0,166.03,1.1954081810705806,1168.7544037059276,1397.138575852334,M,Chicago,25,39.374,3448.3785641599375,35.48378564159938,6,Q2
17849,0.0,0.0,26.0,0.0,0.9553607377969702,1389.001198587492,1326.997209883422,M,California,8,280.396,373.25825257258384,4.732582525725838,3,Q1
17850,9.0,25.0,251.0,3604.0244444444447,0.0004122945202089,2859.937887250175,1.1791367190511484,M,Chicago,12,3440.5420000000004,-99.96572816960085,0.000342718303991391,11,Q4
17855,0.0,0.0,235.0,0.0,0.333910231185839,1389.001198587492,463.8017113377569,F,New York,13,139.637,232.14814937141082,3.321481493714108,5,Q2
17857,1.0,69.0,150.0,257.99,0.6741963634870553,1185.315623856248,799.1354831882727,M,Chicago,47,101.89800000000001,684.2504103989015,7.842504103989015,4,Q1
17858,2.0,106.0,199.0,995.345,0.9613288209811232,1268.850928265887,1219.782966870649,M,Chicago,34,949.0840000000001,28.522129429075715,1.285221294290757,11,Q4
17860,0.0,0.0,184.0,0.0,0.3959256035364946,1389.001198587492,549.9411378636671,F,New Jersey,49,962.631,-42.87103387864435,0.5712896612135565,8,Q3
17863,0.0,0.0,198.0,0.0,0.3766928826695793,1389.001198587492,523.2268655274231,F,Chicago,50,1151.616,-54.565856541814014,0.4543414345818599,11,Q4
17865,1.0,58.0,131.0,589.5,0.7350907950322866,1245.0177779670869,915.2011082351564,M,Chicago,12,1018.0,-10.098122963147699,0.899018770368523,9,Q3
17869,0.0,0.0,174.0,0.0,0.4109286563199133,1389.001198587492,570.7803961623072,M,California,50,176.91899999999998,222.6224408697241,3.226224408697241,4,Q1
17870,0.0,0.0,166.0,0.0,0.423787746769741,1389.001198587492,588.6416882098629,M,New Jersey,40,5.996999999999999,9715.602604800117,98.15602604800117,1,Q1
17873,0.0,0.0,240.0,0.0,0.3288697797351133,1389.001198587492,456.8005182312768,M,California,26,97.272,369.6115205108117,4.696115205108117,3,Q1
17880,0.0,0.0,138.0,0.0,0.4760404316327337,1389.001198587492,661.2207301139741,M,California,12,182.901,261.5183788574005,3.615183788574005,7,Q3
17884,2.0,43.0,219.0,1244.205,0.4023825536381241,1344.807045252037,541.1268930190549,F,Chicago,37,2304.3,-76.51664744091244,0.2348335255908757,14,Q4
17888,0.0,0.0,74.0,0.0,0.6650615954947381,1389.001198587492,923.7713532767008,M,New York,37,115.544,699.4974670053839,7.994974670053839,7,Q3
17890,1.0,1.0,114.0,3323.4,0.4934695186137477,1737.3701025534383,857.3391881609629,F,Chicago,27,956.15,-10.334237498199773,0.8966576250180023,13,Q4
17894,3.0,97.0,155.0,2290.2966666666666,1.7766422484852171,1747.0023528215004,3103.798188225755,F,California,37,2089.79,48.522013610255335,1.4852201361025534,18,Q4
17897,2.0,79.0,246.0,1693.19,0.5294520905667844,1481.8445650825702,784.5657028779942,M,Washington DC,19,967.902,-18.941617759029924,0.8105838224097007,10,Q4
17905,1.0,186.0,243.0,139.99,0.5754308301985093,1164.064819400639,669.8387854325874,M,New York,42,156.56900000000002,327.823378467377,4.278233784673769,5,Q2
17908,0.0,0.0,248.0,0.0,0.3211169376218697,1389.001198587492,446.031811243522,F,California,15,517.042,-13.733930465315785,0.8626606953468422,6,Q2
17912,4.0,48.0,137.0,423.58,1.2891810752235031,937.4863773328104,1208.5896959372994,M,New Jersey,7,313.621,285.36631664885306,3.8536631664885306,12,Q4
17913,0.0,0.0,71.0,0.0,0.6777931761845364,1389.001198587492,941.455534114744,F,New York,29,311.058,202.66237618538793,3.0266237618538794,6,Q2
17917,1.0,1.0,126.0,2258.85,0.4345879862048155,1545.6536289668402,671.7224979828642,F,California,40,546.306,22.957188459007245,1.2295718845900725,5,Q2
17920,2.0,73.0,248.0,2855.275,0.4849403917695681,1836.53179568552,890.6084484970045,F,California,18,1570.625,-43.2959205095421,0.567040794904579,15,Q4
17924,2.0,185.0,249.0,30.56,0.9847655749003386,974.3828645895924,959.5387018206088,M,New Jersey,26,20.667,4542.854317610726,46.42854317610726,4,Q1
17925,0.0,0.0,235.0,0.0,0.333910231185839,1389.001198587492,463.8017113377569,M,New York,12,1.959,23575.43192127396,236.7543192127396,1,Q1
17937,2.0,8.0,122.0,262.195,0.604024913006609,1045.081631599505,631.255341611696,M,New York,38,180.964,248.82923764488854,3.4882923764488853,3,Q1
17949,1.0,172.0,217.0,51.290000000000006,0.633701932462354,1148.0906977462955,727.5472938038798,F,New Jersey,15,7.036,10240.353806194997,103.40353806194996,2,Q1
17950,0.0,0.0,143.0,0.0,0.4657692237617612,1389.001198587492,646.954010070252,F,New York,39,660.686,-2.0784442124924714,0.9792155578750753,8,Q3
17951,2.0,182.0,245.0,141.29,0.9968773979449708,1008.1794604020024,1005.031317147113,F,Chicago,36,110.27300000000001,811.4028974881547,9.114028974881547,4,Q1
17954,2.0,209.0,215.0,2597.505,1.23402521125936,1757.8562018756677,2169.238870883197,F,New York,22,1800.163,20.502358446607154,1.2050235844660715,14,Q4
17961,4.0,216.0,221.0,1723.29,2.3085623086724127,1545.3436827157102,3567.5221798625084,F,California,10,932.8100000000001,282.44896386858073,3.8244896386858076,10,Q4
17964,0.0,0.0,229.0,0.0,0.3401686598091096,1389.001198587492,472.4946761967541,M,New Jersey,5,440.771,7.197314750007163,1.0719731475000716,5,Q2
17965,2.0,173.0,191.0,1863.795,1.3043687944791105,1533.91598410701,2000.792143021899,F,Chicago,7,856.133,133.70108885207074,2.3370108885207075,18,Q4
17967,0.0,0.0,220.0,0.0,0.3500137554770446,1389.001198587492,486.1695258797244,F,Chicago,6,921.754,-47.25604381649286,0.5274395618350713,7,Q3
17968,0.0,0.0,246.0,0.0,0.3230203561666812,1389.001198587492,448.6756618836787,M,New York,33,751.8380000000001,-40.322827273471326,0.5967717272652867,8,Q3
17969,0.0,0.0,113.0,0.0,0.5351992076773896,1389.001198587492,743.3923409469702,F,California,11,22.408,3217.5309753077927,33.175309753077926,4,Q1
17975,2.0,111.0,164.0,4989.415,1.2747337143906077,2487.906012131803,3171.417671899497,M,Chicago,6,1876.535,69.00391796046952,1.6900391796046952,21,Q4
17976,0.0,0.0,228.0,0.0,0.3412348448639776,1389.001198587492,473.9756085158817,M,Washington DC,12,500.74,-5.344967744561716,0.9465503225543829,7,Q3
17978,0.0,0.0,145.0,0.0,0.4617858081275857,1389.001198587492,641.4210409799101,F,Chicago,15,49.254,1202.2719798999271,13.022719798999272,4,Q1
17980,0.0,0.0,90.0,0.0,0.6046776606743685,1389.001198587492,839.8979954357785,M,New York,47,197.907,324.3902415961934,4.243902415961934,4,Q1
17990,1.0,58.0,117.0,637.1800000000001,0.8250250198421494,1253.604543699658,1034.255113540019,F,New York,20,143.888,618.7917780079082,7.187917780079082,7,Q3
17999,0.0,0.0,155.0,0.0,0.4428638277938175,1389.001198587492,615.1383876166572,F,New Jersey,30,382.584,60.78518380712657,1.6078518380712659,8,Q3
18004,1.0,1.0,123.0,421.99,0.4483861156597137,1214.850640218281,544.7221596741914,F,Chicago,30,599.446,-9.12906922822216,0.9087093077177784,5,Q2
18011,0.0,0.0,236.0,0.0,0.3328896976415896,1389.001198587492,462.38418902159583,M,California,7,161.489,186.3255014407147,2.863255014407147,5,Q2
18016,0.0,0.0,130.0,0.0,0.4934692770677942,1389.001198587492,685.4294173132693,F,Chicago,16,555.332,23.42696212594795,1.2342696212594795,7,Q3
18032,0.0,0.0,29.0,0.0,0.9296376442749184,1389.001198587492,1291.267802149914,F,Chicago,37,7.1899999999999995,17859.218388733156,179.59218388733157,1,Q1
18037,0.0,0.0,120.0,0.0,0.5171739890887517,1389.001198587492,718.3552907225505,M,New Jersey,46,91.004,689.3667209381462,7.893667209381461,5,Q2
18041,3.0,193.0,233.0,1352.0633333333333,1.5710483885423328,1374.3292082532776,2159.137687952972,M,Washington DC,30,1746.278,23.64226589082449,1.236422658908245,15,Q4
18043,0.0,0.0,162.0,0.0,0.4305284751733587,1389.001198587492,598.0045680418406,F,New York,18,1441.92,-58.527202061013064,0.41472797938986944,9,Q3
18044,0.0,0.0,107.0,0.0,0.551703046013983,1389.001198587492,766.3161921777926,F,California,9,163.796,367.8479280188726,4.678479280188726,2,Q1
18050,0.0,0.0,92.0,0.0,0.5979102592763309,1389.001198587492,830.4980667825816,F,California,48,213.78600000000003,288.4716804573646,3.8847168045736464,3,Q1
18055,3.0,124.0,210.0,2122.1966666666667,1.3374741958021898,1680.23180292071,2247.26667937264,F,Washington DC,18,2398.592,-6.308922927590864,0.9369107707240913,14,Q4
18061,0.0,0.0,158.0,0.0,0.4374904427350516,1389.001198587492,607.6747493295592,M,Washington DC,4,120.747,403.2628134277118,5.032628134277118,3,Q1
18062,0.0,0.0,45.0,0.0,0.8136254165041421,1389.001198587492,1130.1266787255006,F,California,25,7.7010000000000005,14575.064001110251,146.75064001110252,1,Q1
18065,2.0,53.0,134.0,144.55,1.1168671295501873,1009.1744653902484,1127.1137883757517,F,Chicago,47,170.28300000000002,561.9062316119351,6.619062316119352,5,Q2
18069,0.0,0.0,3.0,0.0,1.2170005625344125,1389.001198587492,1690.4152400419507,F,Chicago,10,1504.548,12.353692939138579,1.1235369293913857,9,Q3
18071,0.0,0.0,150.0,0.0,0.4521237584734096,1389.001198587492,628.0004424294476,M,Chicago,24,52.081,1105.814869970714,12.058148699707141,5,Q2
18074,0.0,0.0,250.0,0.0,0.3192360225625719,1389.001198587492,443.419217971716,F,California,10,182.28500000000003,143.25601007856704,2.4325601007856705,2,Q1
18075,1.0,28.0,109.0,31.02,0.7214243577249364,1144.4402417605736,825.6270663666927,F,New York,12,371.351,122.33064307533645,2.2233064307533645,11,Q4
18077,2.0,95.0,166.0,1283.515,1.1573067102747574,1356.8050961992583,1570.2396423663895,M,Chicago,34,1002.1800000000001,56.68239661202472,1.5668239661202472,14,Q4
18085,1.0,236.0,247.0,1925.21,0.6169106192278363,1485.5678798264216,916.4626006487016,M,Chicago,34,395.694,131.6089201879992,2.316089201879992,8,Q3
18092,3.0,140.0,151.0,298.81666666666666,2.222591465804139,955.9719261919576,2124.735044702589,M,California,34,158.112,1243.816436894473,13.438164368944731,6,Q2
18095,0.0,0.0,22.0,0.0,0.9920739694221792,1389.001198587492,1377.9919326148574,F,Chicago,14,241.712,470.09661606161774,5.7009661606161774,6,Q2
18097,1.0,6.0,61.0,552.92,0.9909016323474896,1238.4300285858478,1227.162336873865,F,New York,6,142.612,760.4902370584978,8.604902370584979,5,Q2
18102,2.0,22.0,167.0,107.655,0.4657027241190772,997.9135116965892,464.7310408323363,F,Chicago,48,617.9639999999999,-24.79642166334344,0.7520357833665656,5,Q2
18106,0.0,0.0,9.0,0.0,1.135077567360674,1389.001198587492,1576.6241015537505,F,California,49,597.504,163.86837603660402,2.6386837603660402,5,Q2
18109,3.0,192.0,209.0,549.8966666666666,1.7846589715746783,1055.7027392145064,1884.069364855132,F,New York,9,739.362,154.82366754784965,2.5482366754784964,18,Q4
18113,0.0,0.0,185.0,0.0,0.3944861025319941,1389.001198587492,547.9416692430481,M,New York,3,28.041,1854.0732115225846,19.54073211522585,1,Q1
18116,5.0,80.0,135.0,2263.5240000000003,2.7439166603989684,1846.7356434927951,5067.288699532491,F,Chicago,38,1531.648,230.83898516712003,3.3083898516712007,18,Q4
18118,2.0,72.0,206.0,5032.515,0.6864782594480626,2501.060832681924,1716.923887193209,M,Chicago,24,4362.825,-60.64651029566372,0.39353489704336275,24,Q4
18119,1.0,1.0,173.0,1215.53,0.2769728774120236,1357.7604992666195,376.0628323182614,F,California,20,507.684,-25.92580575352751,0.7407419424647249,5,Q2
18141,0.0,0.0,109.0,0.0,0.546087420504399,1389.001198587492,758.5160816141619,M,California,28,6.0760000000000005,12383.806478179094,124.83806478179095,1,Q1
18144,1.0,138.0,242.0,37.96,0.5096683005117888,1145.6900772090646,583.9219145643641,F,California,26,57.24400000000001,920.0578480965062,10.200578480965062,5,Q2
18156,0.0,0.0,204.0,0.0,0.3690170264826934,1389.001198587492,512.5650920836534,F,California,26,637.318,-19.574671971660386,0.8042532802833962,5,Q2
18168,2.0,126.0,222.0,483.17,0.9167739891728038,1112.5267933411046,1019.935626392952,F,Chicago,5,536.354,90.16090611666026,1.9016090611666026,11,Q4
18171,0.0,0.0,27.0,0.0,0.946622354921388,1389.001198587492,1314.859585595522,M,New York,21,263.602,398.80485944549815,4.988048594454982,4,Q1
18176,1.0,22.0,81.0,32.22,0.9135987750277392,1144.6563516363933,1045.75664068273,M,New York,19,779.985,34.073942535142336,1.3407394253514233,7,Q3
18178,0.0,0.0,134.0,0.0,0.4845953995203764,1389.001198587492,673.1035907637873,F,New York,33,687.015,-2.024906186358762,0.9797509381364123,7,Q3
18179,0.0,0.0,36.0,0.0,0.874889702286711,1389.001198587492,1215.2228451080955,F,New York,6,494.06600000000003,145.96366580742156,2.4596366580742157,11,Q4
18190,0.0,0.0,14.0,0.0,1.0751993196739098,1389.001198587492,1493.4531437475166,M,California,8,83.743,1683.3766926758258,17.83376692675826,7,Q3
18193,0.0,0.0,156.0,0.0,0.4410578679357981,1389.001198587492,612.6299072092673,F,California,31,0.8399999999999999,72832.13181062708,729.3213181062707,1,Q1
18198,0.0,0.0,36.0,0.0,0.874889702286711,1389.001198587492,1215.2228451080955,F,Chicago,29,499.59999999999997,143.23916034989907,2.4323916034989903,8,Q3
18219,1.0,83.0,189.0,762.8199999999999,0.5533113368542337,1276.2312476979862,706.1532177989194,F,New York,32,249.904,182.56979392043323,2.825697939204332,6,Q2
18223,2.0,81.0,81.0,1549.99,2.216423332220649,1438.1375975007304,3187.521726044368,M,Washington DC,44,1232.882,158.5423200309817,2.5854232003098168,11,Q4
18225,1.0,78.0,221.0,101.69,0.4399138338473666,1157.1673125307252,509.0539088582453,F,New Jersey,28,9.075,5509.409464002703,56.09409464002703,3,Q1
18226,1.0,28.0,45.0,14.0,1.4496152560031144,1141.3750833551967,1654.5547336535194,F,New Jersey,40,97.742,1592.7776530596052,16.927776530596052,6,Q2
18229,2.0,227.0,237.0,637.3,1.1454705605325033,1159.5697745798543,1328.2530396645343,M,New York,16,401.911,230.4843708344719,3.304843708344719,6,Q2
18230,1.0,55.0,144.0,21.99,0.6507445149962642,1142.81401494503,743.679951886337,F,California,36,16.697,4353.973479585177,44.53973479585177,2,Q1
18239,0.0,0.0,222.0,0.0,0.3477765080966738,1389.001198587492,483.0619865868525,M,New York,20,625.0310000000001,-22.713915535893022,0.7728608446410697,10,Q4
18245,1.0,1.0,67.0,2539.44,0.8617930712045511,1596.185520680394,1375.5816220793922,F,Washington DC,5,1182.877,16.29118007023488,1.162911800702349,9,Q3
18256,0.0,0.0,66.0,0.0,0.7001665020122176,1389.001198587492,972.5321105057818,M,California,45,4.956,19523.327492045635,196.23327492045635,2,Q1
18259,0.0,0.0,157.0,0.0,0.4392668015201328,1389.001198587492,610.1421138111584,F,California,5,52.675,1058.3144068555453,11.583144068555452,3,Q1
18260,1.0,50.0,79.0,1384.14,1.1181224516192068,1388.125737734927,1552.0945530318966,M,New York,43,563.2090000000001,175.58056654490542,2.755805665449054,14,Q4
18269,1.0,76.0,157.0,20.69,0.6640337252402254,1142.579895912892,758.7115846676267,M,Chicago,25,13.094000000000001,5694.3453846618795,57.9434538466188,3,Q1
18283,0.0,0.0,42.0,0.0,0.8330326978601483,1389.001198587492,1157.083415790318,F,New Jersey,36,634.837,82.26464679757449,1.822646467975745,11,Q4
