customer_id,frequency,recency,T,monetary_value,predicted_purchases_6m,predicted_avg_value,predicted_LTV_6m,gender,location,tenure_months
12346,0.0,0.0,107.0,0.0,0.4861626467316356,1265.5940519672886,615.2845539922322,F,New York,31
12347,2.0,223.0,282.0,1163.375,0.8679460347124546,1240.987166278014,1077.1098901000478,M,New York,20
12348,1.0,119.0,192.0,693.731,0.5777731981337336,1187.344185859593,686.0156475495912,M,California,39
12350,0.0,0.0,17.0,0.0,0.9148335832077332,1265.5940519672886,1157.8079414476288,M,California,25
12356,0.0,0.0,107.0,0.0,0.4861626467316356,1265.5940519672886,615.2845539922322,F,Illinois,31
12359,0.0,0.0,130.0,0.0,0.43505882016597375,1265.5940519672886,550.6078550579626,M,New York,41
12370,1.0,30.0,219.0,501.20000000000005,0.2746750748976766,1160.999548066063,318.8976378212146,F,New York,21
12373,0.0,0.0,24.0,0.0,0.8547403926590007,1265.5940519672886,1081.754356925416,F,New York,23
12377,1.0,139.0,179.0,5419.652,0.6616157869188484,1834.007201092654,1213.408117565751,F,California,27
12383,3.0,72.0,171.0,722.1353333333333,1.073405215138772,1090.438595545035,1170.4824752466388,M,New York,32
12386,1.0,123.0,279.0,53.346,0.36758091186176817,1099.7182405655383,404.2354336580999,M,California,38
12388,0.0,0.0,114.0,0.0,0.46935672413222024,1265.5940519672886,594.0150783125895,M,Illinois,31
12393,1.0,14.0,136.0,396.332,0.43896177428006944,1146.6501213444863,503.3355717438326,F,Illinois,39
12395,2.0,161.0,325.0,301.175,0.5517309192424953,1033.4323471618875,570.1765788745577,F,New Jersey,10
12402,0.0,0.0,94.0,0.0,0.5208795197865966,1265.5940519672886,659.2220220334943,F,California,22
12410,0.0,0.0,10.0,0.0,0.9845857133168252,1265.5940519672886,1246.085822425744,M,California,8
12413,1.0,22.0,153.0,19.432,0.41595901283697995,1095.0776785462804,455.50743014792243,F,New Jersey,15
12414,1.0,1.0,18.0,422.071,1.605192991246679,1150.1720717429555,1846.2481482894646,M,New York,43
12415,2.0,18.0,158.0,13.9395,0.4355747611937761,964.2870070479579,420.01908281717533,M,Illinois,29
12417,2.0,114.0,188.0,586.149,1.0123514953249952,1102.033283166062,1115.6450421110767,F,California,37
12421,0.0,0.0,76.0,0.0,0.5783035682361725,1265.5940519672886,731.8975561911589,F,California,38
12422,1.0,1.0,103.0,630.774,0.5099482776622313,1178.7295764638734,601.0911173472836,M,Illinois,50
12423,0.0,0.0,172.0,0.0,0.36529817871051745,1265.5940519672886,462.3192021705145,M,New York,9
12427,1.0,163.0,333.0,812.6600000000001,0.33352898543985954,1203.6176245689267,401.44136518000784,F,New York,37
12429,0.0,0.0,262.0,0.0,0.27231319413749266,1265.5940519672886,344.63795877262424,F,New Jersey,43
12431,4.0,323.0,363.0,968.0382500000001,1.45576122596491,1150.1299483228622,1674.3145835894484,F,New Jersey,14
12433,2.0,91.0,356.0,8000.882,0.24983225270050324,2886.9597116158106,721.2556482085731,M,California,32
12434,0.0,0.0,222.0,0.0,0.3069820359647164,1265.5940519672886,388.51463877775336,F,Illinois,32
12437,2.0,112.0,129.0,829.379,1.5483771957171772,1160.5853112959799,1797.0238296950165,F,New Jersey,50
12441,1.0,1.0,278.0,110.80000000000001,0.1171842543707072,1107.5798567197653,129.79091966572042,F,Illinois,39
12451,0.0,0.0,103.0,0.0,0.4963302597602369,1265.5940519672886,628.1526245639351,M,Washington DC,49
12464,0.0,0.0,13.0,0.0,0.9533588599713092,1265.5940519672886,1206.5653025700042,M,New York,26
12468,0.0,0.0,51.0,0.0,0.6838394814888158,1265.5940519672886,865.46318027264,F,California,9
12471,10.0,332.0,347.0,1229.592,3.8691612716498818,1243.5179639440832,4811.371546693361,F,California,11
12472,2.0,292.0,354.0,5183.227,0.7432567838896372,2208.6740773585047,1641.6119913978941,F,New Jersey,2
12474,5.0,240.0,300.0,1121.3112,1.9158497652368747,1201.7981874185537,2302.4647752279375,F,New York,17
12476,1.0,194.0,227.0,2545.3720000000003,0.5803787505264192,1440.7101968845677,836.1575839385368,M,Illinois,14
12477,0.0,0.0,26.0,0.0,0.8390607707087341,1265.5940519672886,1061.910320648063,F,California,10
12480,0.0,0.0,147.0,0.0,0.4037942181965293,1265.5940519672886,511.03956076830895,M,California,22
12481,3.0,113.0,264.0,2968.9473333333335,0.6942630160591649,1814.5807757352927,1259.7963222449634,F,California,49
12483,0.0,0.0,166.0,0.0,0.3738423347920414,1265.5940519672886,473.1326352863713,F,New York,39
12484,0.0,0.0,149.0,0.0,0.40041362761832133,1265.5940519672886,506.7611054403923,M,California,44
12489,0.0,0.0,150.0,0.0,0.39874480795883754,1265.5940519672886,504.64905720554356,M,California,2
12490,0.0,0.0,123.0,0.0,0.44941471355697454,1265.5940519672886,568.7765883442897,F,New York,26
12494,3.0,99.0,263.0,74.21300000000001,0.5808160947285292,881.614763798561,512.0560441644949,F,California,28
12500,0.0,0.0,140.0,0.0,0.41609750907953374,1265.5940519672886,526.6105325294627,F,Washington DC,46
12501,2.0,110.0,151.0,3867.567,1.3032213851063648,1891.959192971677,2465.641680029269,M,Illinois,8
12502,0.0,0.0,15.0,0.0,0.9336770224422474,1265.5940519672886,1181.6560860614368,F,California,23
12503,0.0,0.0,157.0,0.0,0.3874472498668571,1265.5940519672886,490.35093488257814,F,Illinois,36
12510,0.0,0.0,104.0,0.0,0.49374780489271036,1265.5940519672886,624.8842850441196,F,California,25
12515,0.0,0.0,171.0,0.0,0.3666945996499198,1265.5940519672886,464.0865042054647,F,New York,28
12523,0.0,0.0,131.0,0.0,0.43308385794089166,1265.5940519672886,548.1083546130386,F,Illinois,35
12524,1.0,1.0,140.0,349.104,0.34771806699694896,1140.1877617571324,396.46388453176786,F,Washington DC,20
12527,0.0,0.0,107.0,0.0,0.4861626467316356,1265.5940519672886,615.2845539922322,F,Illinois,25
12528,0.0,0.0,34.0,0.0,0.7819264327287785,1265.5940519672886,989.6014423375423,F,New York,43
12530,0.0,0.0,151.0,0.0,0.39709006064605684,1265.5940519672886,502.55481884897944,M,California,29
12539,3.0,88.0,141.0,4277.601333333333,1.776427582909003,2236.356856989399,3972.7260059836535,M,Illinois,13
12540,3.0,212.0,233.0,813.567,1.564634662214076,1119.9068049183288,1752.2450054246347,F,Illinois,25
12551,0.0,0.0,188.0,0.0,0.3443357214909875,1265.5940519672886,435.78924099885865,M,Illinois,41
12553,2.0,54.0,123.0,697.2489999999999,1.1683898909023074,1128.778052829483,1318.8528659983585,F,Illinois,8
12557,2.0,196.0,332.0,103.606,0.6273627894182257,985.8721545639359,618.4995048969869,M,New York,50
12559,1.0,60.0,80.0,204.226,1.058387322507725,1120.3636376719148,1185.778670710593,F,California,25
12567,2.0,310.0,320.0,3044.3379999999997,0.8687408877333389,1693.7857457597197,1471.4609324013743,F,Washington DC,23
12574,0.0,0.0,45.0,0.0,0.7154060940698469,1265.5940519672886,905.4136973959487,F,California,48
12577,0.0,0.0,202.0,0.0,0.32789418410972976,1265.5940519672886,414.980929083941,F,New Jersey,10
12578,3.0,108.0,164.0,1681.5333333333335,1.6524672232069786,1399.6502961190808,2312.876238288723,F,Illinois,8
12583,1.0,213.0,364.0,1377.66,0.33977263951922376,1280.928397137211,435.2244225304387,M,Illinois,33
12585,1.0,10.0,170.0,849.162,0.30683101702569915,1208.6123109765151,370.8397445667047,F,New Jersey,4
12586,0.0,0.0,302.0,0.0,0.24472857490215535,1265.5940519672886,309.72702874259886,M,California,3
12591,0.0,0.0,59.0,0.0,0.6459750161423288,1265.5940519672886,817.5421381492046,F,California,25
12594,0.0,0.0,92.0,0.0,0.526676694744987,1265.5940519672886,666.5588921790469,F,California,13
12600,3.0,315.0,330.0,207.73333333333335,1.2363164699942035,924.6480506421999,1143.157613956986,M,New York,39
12601,0.0,0.0,136.0,0.0,0.4234766324440455,1265.5940519672886,535.9495071683217,F,California,10
12605,0.0,0.0,256.0,0.0,0.27700130466620326,1265.5940519672886,350.5712035727256,F,New York,37
12609,0.0,0.0,65.0,0.0,0.6202993812076527,1265.5940519672886,785.047207295395,F,Illinois,3
12621,2.0,76.0,263.0,571.208,0.41087598303389894,1098.436581063981,451.32121004505825,M,California,44
12625,2.0,63.0,78.0,1863.466,1.9876392613036205,1409.5179722045136,2801.6132610667564,M,New Jersey,26
12626,4.0,88.0,115.0,1000.3185000000001,2.9747145985161736,1162.6560362264606,3458.5698840158016,F,California,30
12637,1.0,40.0,96.0,177.62,0.8179257860805216,1116.7230528666905,913.3965808502277,F,California,13
12643,0.0,0.0,135.0,0.0,0.4253632206941269,1265.5940519672886,538.3371620361361,M,New York,48
12645,0.0,0.0,51.0,0.0,0.6838394814888158,1265.5940519672886,865.46318027264,F,New Jersey,50
12647,3.0,121.0,309.0,461.4383333333333,0.5105267686228224,1006.4165705829735,513.8025996681881,M,New York,28
12649,0.0,0.0,257.0,0.0,0.2762086775645544,1265.5940519672886,349.56805942745075,M,Illinois,33
12651,0.0,0.0,144.0,0.0,0.40897532144749804,1265.5940519672886,517.5967342253634,M,New York,44
12652,2.0,42.0,129.0,630.9215,0.9571216265626071,1112.8112327588208,1065.0956971552625,M,New York,21
12662,1.0,344.0,356.0,1112.691,0.4331440015294901,1244.6718341342983,539.1221388279797,M,Illinois,21
12664,0.0,0.0,90.0,0.0,0.5326076543244764,1265.5940519672886,674.0650793453071,M,Illinois,14
12665,1.0,28.0,131.0,92.48999999999998,0.5371996202143006,1105.0744403556496,593.6455696675857,F,Illinois,10
12666,0.0,0.0,205.0,0.0,0.32457549788294937,1265.5940519672886,410.780819534982,M,California,13
12668,1.0,153.0,184.0,4361.64,0.665429406224091,1689.236006213865,1124.067312587247,F,California,32
12672,0.0,0.0,123.0,0.0,0.44941471355697454,1265.5940519672886,568.7765883442897,F,California,43
12673,0.0,0.0,113.0,0.0,0.47168459694235265,1265.5940519672886,596.9612202948294,M,California,4
12676,0.0,0.0,21.0,0.0,0.8794492048459371,1265.5940519672886,1113.0256826603795,F,California,38
12678,0.0,0.0,172.0,0.0,0.36529817871051745,1265.5940519672886,462.3192021705145,M,New York,27
12681,6.0,258.0,286.0,1921.4876666666667,2.610850123655701,1585.329869697645,4139.058686335173,M,Illinois,27
12682,5.0,309.0,329.0,1876.2930000000001,2.0159653729068117,1535.6196775875992,3095.756095970922,F,Illinois,33
12683,4.0,171.0,263.0,1997.8239999999998,1.4082749500467318,1549.7299150633019,2182.4458187216974,M,Illinois,15
12686,0.0,0.0,334.0,0.0,0.22640547765337257,1265.5940519672886,286.5374258509212,M,Illinois,30
12691,3.0,121.0,186.0,169.41799999999998,1.4910965499550586,912.2991095582478,1360.3260547893753,F,California,7
12693,0.0,0.0,78.0,0.0,0.5712879760257407,1265.5940519672886,723.0186644186083,F,Illinois,4
12705,0.0,0.0,186.0,0.0,0.3468218275925059,1265.5940519672886,438.9356420934999,F,New Jersey,45
12708,2.0,179.0,302.0,1040.4575,0.6819096955466291,1211.3976052959838,826.0637722132998,F,California,25
12709,3.0,226.0,279.0,764.2686666666667,1.2832509908300782,1104.0180689761378,1416.7322809079385,M,Washington DC,36
12712,6.0,318.0,328.0,375.33116666666666,2.458738863976049,831.6076169003047,2044.7059672512844,M,Illinois,37
12720,2.0,271.0,305.0,2204.8035,0.8671504121088509,1491.6871244546307,1293.5171047083,F,Illinois,20
12721,1.0,85.0,263.0,1889.0339999999999,0.33037815932853076,1350.901351139572,446.30830182391696,F,California,5
12724,0.0,0.0,132.0,0.0,0.4311270679095523,1265.5940519672886,545.6318527884267,M,California,19
12725,1.0,1.0,326.0,2809.272,0.08727849458753106,1476.8204851691169,128.89466872158778,F,New Jersey,48
12726,1.0,143.0,187.0,1086.206,0.638437972620175,1241.0478061493936,792.3320452827348,M,Illinois,25
12727,0.0,0.0,81.0,0.0,0.561086461747573,1265.5940519672886,710.1076886271001,M,Illinois,6
12728,0.0,0.0,134.0,0.0,0.4272669956124613,1265.5940519672886,540.7465682490646,F,California,5
12731,1.0,217.0,251.0,9199.03,0.5418555358951416,2351.151684291907,1273.9845558627558,F,California,28
12734,0.0,0.0,171.0,0.0,0.3666945996499198,1265.5940519672886,464.0865042054647,F,California,27
12735,1.0,114.0,155.0,1891.726,0.7147571753299338,1351.269706183384,965.8297183005451,M,Washington DC,5
12736,0.0,0.0,137.0,0.0,0.4216069958008624,1265.5940519672886,533.5833061533691,F,New York,3
12738,0.0,0.0,335.0,0.0,0.22587725874913112,1265.5940519672886,285.86891514757656,M,New York,42
12744,1.0,1.0,69.0,8154.954,0.7641865031318692,2208.2873972476514,1687.5434240128595,M,New York,16
12747,2.0,211.0,305.0,477.17,0.7538264973668227,1075.7990954689424,810.9658640077489,F,Illinois,9
12748,33.0,250.0,357.0,2081.910696969697,0.037362953906079494,1950.9083687487937,72.89169945654591,F,Illinois,28
12753,1.0,88.0,240.0,137.628,0.38225964417716274,1111.2508185011138,424.7863424718166,F,New York,13
12754,0.0,0.0,10.0,0.0,0.9845857133168252,1265.5940519672886,1246.085822425744,F,California,11
12755,0.0,0.0,263.0,0.0,0.2715473571550847,1265.5940519672886,343.6687200429121,F,Illinois,37
12763,1.0,1.0,305.0,83.184,0.09889111065059815,1103.8010703564985,109.15611378487317,F,California,48
12764,0.0,0.0,55.0,0.0,0.66434947794098,1265.5940519672886,840.7967477096777,F,Illinois,25
12766,2.0,128.0,270.0,1002.0374999999999,0.6285114359822135,1202.1488739686333,755.5643150424268,F,Illinois,22
12775,1.0,10.0,23.0,176.32,1.5923296017641948,1116.5451696731704,1777.9079253774148,M,California,21
12778,0.0,0.0,30.0,0.0,0.8094406809363506,1265.5940519672886,1024.423311213397,F,Illinois,42
12779,2.0,323.0,330.0,858.1625000000001,0.8521022204835078,1167.5142768910032,994.8415077850208,F,California,28
12782,3.0,124.0,188.0,838.3803333333332,1.4947278072100523,1127.9040834168359,1685.909597348911,F,Illinois,19
12785,0.0,0.0,245.0,0.0,0.2860331260137187,1265.5940519672886,362.00182294857234,F,New Jersey,36
12791,0.0,0.0,362.0,0.0,0.21249662278988068,1265.5940519672886,268.9344618660096,F,Washington DC,26
12793,1.0,182.0,326.0,1194.304,0.36376652776782553,1255.8392041902546,456.8322667429982,F,Illinois,39
12797,1.0,51.0,263.0,45.672,0.25686250650214,1098.6681823908675,282.2066631430685,M,California,34
12808,0.0,0.0,302.0,0.0,0.24472857490215535,1265.5940519672886,309.72702874259886,M,California,32
12820,0.0,0.0,111.0,0.0,0.47641179610084927,1265.5940519672886,602.9439354322875,M,California,24
12826,2.0,203.0,256.0,2959.355,0.935424496959191,1673.3280431466997,1565.272043008209,M,California,33
12829,2.0,124.0,213.0,179.358,0.8958532417710823,1004.107706242995,899.5331437251127,M,New Jersey,15
12836,1.0,1.0,26.0,2225.1330000000003,1.4088096480794958,1396.8908614925415,1967.9533229847711,M,Illinois,6
12838,0.0,0.0,360.0,0.0,0.21343287172922207,1265.5940519672886,270.1193729548007,F,California,31
12839,2.0,96.0,281.0,804.6924999999999,0.44807067850395904,1154.6426042186079,517.3614951018099,F,California,45
12841,4.0,299.0,333.0,1840.0307500000001,1.566697930422999,1488.4995305373304,2332.0291339284413,F,California,19
12842,0.0,0.0,8.0,0.0,1.0066378042507846,1265.5940519672886,1273.9948175452048,F,New Jersey,27
12853,1.0,16.0,44.0,451.66700000000003,1.2351603798754613,1154.2217878932756,1425.6490219947925,M,New York,11
12854,1.0,3.0,71.0,4189.335,0.765086413023092,1665.658957245054,1274.373036918402,M,New York,42
12855,0.0,0.0,348.0,0.0,0.2192293713845858,1265.5940519672886,277.4553884408595,F,New York,33
12865,0.0,0.0,209.0,0.0,0.32025483955972994,1265.5940519672886,405.31262006053254,M,New Jersey,34
12867,1.0,1.0,213.0,2827.658,0.18542686314465512,1479.3363008583922,274.30868980418944,M,Illinois,32
12868,2.0,307.0,356.0,1702.8780000000002,0.7574424040538181,1370.8601047813863,1038.3475733870823,F,California,8
12870,0.0,0.0,269.0,0.0,0.26704202405672317,1265.5940519672886,337.96679727149444,F,California,28
12872,1.0,142.0,257.0,1418.5120000000002,0.43964474715528673,1286.5183080769625,565.6110162651435,M,New Jersey,20
12875,0.0,0.0,239.0,0.0,0.29121474682082704,1265.5940519672886,368.5596514215986,F,New Jersey,24
12877,1.0,77.0,199.0,187.56400000000002,0.4605159368374368,1118.0837224638924,514.8953729131481,F,New Jersey,23
12908,0.0,0.0,32.0,0.0,0.7954350797386387,1265.5940519672886,1006.697905643347,M,Washington DC,32
12913,0.0,0.0,288.0,0.0,0.2537191738814268,1265.5940519672886,321.10547733438796,F,New York,21
12915,0.0,0.0,343.0,0.0,0.22173913161076922,1265.5940519672886,280.6317260549813,F,Washington DC,3
12916,1.0,1.0,87.0,2458.323,0.6124726379178514,1428.7990014132465,875.100293449963,F,New York,2
12921,2.0,189.0,353.0,1788.2359999999999,0.5484976655311836,1391.4080800192828,763.1840836918029,M,New York,49
12924,0.0,0.0,117.0,0.0,0.4625116868282216,1265.5940519672886,585.3520398151545,M,California,45
12928,0.0,0.0,203.0,0.0,0.3267803534249047,1265.5940519672886,413.57127159432775,F,Illinois,21
12929,0.0,0.0,25.0,0.0,0.8468244803798237,1265.5940519672886,1071.7360254289947,F,Illinois,26
12931,1.0,4.0,189.0,7.673,0.23725743699924184,1093.4686566442795,259.43357091442573,F,New York,44
12935,0.0,0.0,76.0,0.0,0.5783035682361725,1265.5940519672886,731.8975561911589,F,New York,23
12939,0.0,0.0,145.0,0.0,0.40723333340133483,1265.5940519672886,515.3920845155411,F,Illinois,19
12942,0.0,0.0,264.0,0.0,0.2707858519069946,1265.5940519672886,342.70496353038743,F,New Jersey,4
12944,1.0,1.0,179.0,932.281,0.24413647466618868,1219.985751870503,297.8430206046442,F,California,43
12947,4.0,286.0,351.0,898.3155,1.4028663449117262,1123.074603479479,1575.523564046443,M,California,48
12951,1.0,47.0,127.0,709.713,0.6485848100577865,1189.5310544740819,771.5117730239108,F,New York,18
12956,0.0,0.0,0.0,0.0,1.1064879658914122,1265.5940519672886,1400.3645882055553,F,Illinois,48
12957,1.0,15.0,167.0,25.92,0.338255221689819,1095.9654525151707,370.71603710490183,F,Illinois,44
12963,1.0,1.0,265.0,186.973,0.12767396219157914,1118.0028540274536,142.7398541151787,M,New York,9
12967,2.0,143.0,334.0,135.26500000000001,0.4688700105935317,993.4933306465124,465.8192284648334,F,New York,34
12970,0.0,0.0,88.0,0.0,0.5386771807981522,1265.5940519672886,681.7466359486491,F,California,2
12971,14.0,324.0,336.0,249.2182142857143,5.56469959266379,564.9270709780973,3143.649441756566,F,Washington DC,43
12980,2.0,70.0,200.0,138.29500000000002,0.6530277374197023,994.2227334555148,649.2550221196866,M,California,23
12989,1.0,129.0,246.0,18.310000000000002,0.4443558415881245,1094.92415166695,486.5359428891308,F,California,5
12990,0.0,0.0,17.0,0.0,0.9148335832077332,1265.5940519672886,1157.8079414476288,F,California,47
12997,1.0,18.0,58.0,269.41200000000003,1.0500353966704397,1129.283248327908,1185.7873836112776,F,California,45
13000,0.0,0.0,251.0,0.0,0.2810342953693803,1265.5940519672886,355.6753326183058,M,New Jersey,32
13001,1.0,46.0,111.0,63.885000000000005,0.7402951644324582,1101.160325932082,815.18366455239,F,Illinois,45
13002,0.0,0.0,65.0,0.0,0.6202993812076527,1265.5940519672886,785.047207295395,F,Washington DC,44
13004,2.0,139.0,190.0,1659.2069999999999,1.1151156574933525,1360.3473159787645,1516.9445916769773,F,California,37
13008,1.0,129.0,223.0,1389.8850000000002,0.5017649125783633,1282.6011833224275,643.5642706226831,F,Illinois,48
13011,0.0,0.0,335.0,0.0,0.22587725874913112,1265.5940519672886,285.86891514757656,F,New York,18
13013,0.0,0.0,331.0,0.0,0.2280051559961345,1265.5940519672886,288.56196924658155,M,Illinois,13
13021,1.0,56.0,257.0,415.838,0.2781379456225367,1149.3191902466401,319.6692784397579,M,Illinois,29
13027,0.0,0.0,177.0,0.0,0.358474722546784,1265.5940519672886,453.68347663583387,F,New York,15
13029,0.0,0.0,172.0,0.0,0.36529817871051745,1265.5940519672886,462.3192021705145,F,New York,35
13030,0.0,0.0,291.0,0.0,0.25173702962844974,1265.5940519672886,318.59688735767907,M,California,39
13033,0.0,0.0,187.0,0.0,0.34557424653632274,1265.5940519672886,437.35671092944744,M,California,50
13034,0.0,0.0,306.0,0.0,0.2422764940723704,1265.5940519672886,306.62368982948004,F,Illinois,40
13047,2.0,351.0,364.0,843.453,0.7844350313481044,1163.9733030893462,913.061434497248,M,California,43
13048,0.0,0.0,116.0,0.0,0.4647706203065653,1265.5940519672886,588.2109325891362,M,Illinois,45
13049,0.0,0.0,65.0,0.0,0.6202993812076527,1265.5940519672886,785.047207295395,M,New York,3
13050,8.0,275.0,279.0,889.652375,3.7202515773870433,1055.3970703505302,3926.342615741224,F,Illinois,10
13064,0.0,0.0,116.0,0.0,0.4647706203065653,1265.5940519672886,588.2109325891362,M,New Jersey,15
13065,1.0,1.0,350.0,602.7860000000001,0.07618731607643746,1174.8998881406148,89.51246913594004,F,Illinois,32
13068,0.0,0.0,81.0,0.0,0.561086461747573,1265.5940519672886,710.1076886271001,F,California,47
13069,4.0,319.0,322.0,1276.29675,1.692830510101468,1269.7471467036494,2149.4667100542224,F,New York,38
13077,0.0,0.0,268.0,0.0,0.2677824161167142,1265.5940519672886,338.9038330587429,F,New York,45
13078,7.0,228.0,279.0,273.6832857142857,2.8013163691950553,743.8561137292121,2083.7763077154605,F,California,28
13081,5.0,203.0,325.0,2636.0816,1.2485078726767649,1871.5665344064691,2336.665552444846,F,New York,5
13082,0.0,0.0,160.0,0.0,0.38280194112675503,1265.5940519672886,484.47185977155334,M,Illinois,45
13089,19.0,304.0,324.0,1255.2034210526315,7.528782517734836,1257.7933293351648,9469.652428822084,F,New Jersey,25
13090,4.0,257.0,349.0,166.225,1.282220887172783,838.9928520559504,1075.7741590948042,M,New Jersey,4
13092,0.0,0.0,207.0,0.0,0.32240052974624817,1265.5940519672886,408.02819279795455,F,Washington DC,2
13093,6.0,334.0,353.0,1558.883,2.291619611063252,1408.5669053826946,3227.899543869659,M,California,35
13094,2.0,149.0,302.0,74.841,0.5876223999934367,978.9476424184065,575.2515631058207,M,Washington DC,10
13097,1.0,55.0,213.0,2037.755,0.3631633232581142,1371.2513253114796,497.98818832221036,M,California,33
13098,1.0,2.0,60.0,390.79200000000003,0.8704107752973386,1145.8920652736397,997.3968009418973,F,California,5
13102,7.0,251.0,258.0,759.0501428571428,3.428888211147945,999.1555942373385,3425.9928381829295,F,New York,10
13104,0.0,0.0,178.0,0.0,0.3571409135142405,1265.5940519672886,451.9954158577866,F,New York,20
13107,1.0,21.0,139.0,68.973,0.4648154828822737,1101.856533384874,512.1599766322784,F,California,20
13108,0.0,0.0,347.0,0.0,0.21972674122616037,1265.5940519672886,278.0848567539842,F,Illinois,45
13110,0.0,0.0,21.0,0.0,0.8794492048459371,1265.5940519672886,1113.0256826603795,F,New York,36
13113,5.0,264.0,271.0,3401.3214,2.3771108238369636,2209.9236847015654,5253.233510757756,M,New Jersey,44
13115,1.0,116.0,268.0,101.2,0.37697188116768204,1106.2662577522333,417.0312722571912,F,Illinois,26
13117,2.0,267.0,342.0,477.15,0.7408004883955153,1075.794280928949,796.9489287252676,M,New Jersey,30
13124,1.0,1.0,205.0,3151.1580000000004,0.19734060184710756,1523.601849399702,300.6685059359033,M,New York,4
13126,2.0,141.0,277.0,663.6635,0.6516117650878863,1120.6931161820407,730.2568195572233,F,Washington DC,37
13136,0.0,0.0,256.0,0.0,0.27700130466620326,1265.5940519672886,350.5712035727256,F,California,48
13137,0.0,0.0,9.0,0.0,0.995482310450718,1265.5940519672886,1259.8764909450824,M,California,37
13138,1.0,1.0,340.0,261.832,0.08055809267118758,1128.246052476461,90.88935005130031,F,California,21
13140,0.0,0.0,268.0,0.0,0.2677824161167142,1265.5940519672886,338.9038330587429,M,New York,34
13141,2.0,20.0,41.0,321.718,2.35991034457911,1038.377601916124,2450.4780443411096,F,Illinois,25
13144,0.0,0.0,136.0,0.0,0.4234766324440455,1265.5940519672886,535.9495071683217,M,California,38
13145,0.0,0.0,335.0,0.0,0.22587725874913112,1265.5940519672886,285.86891514757656,F,California,4
13148,4.0,210.0,246.0,3717.62075,1.908464581115521,2217.083026232607,4231.224428957345,M,New York,16
13155,2.0,183.0,297.0,1529.391,0.7115460304020853,1329.0970997895058,945.7137653741471,F,California,8
13158,0.0,0.0,74.0,0.0,0.5854986842355321,1265.5940519672886,741.003652203163,F,New York,47
13161,0.0,0.0,37.0,0.0,0.7625371817719374,1265.5940519672886,965.0625216544631,F,Illinois,4
13162,1.0,15.0,146.0,166.784,0.40588548525683477,1115.2403280320889,452.65986172129595,F,New York,14
13165,0.0,0.0,170.0,0.0,0.36810188864724247,1265.5940519672886,465.86756078987526,F,Illinois,31
13168,0.0,0.0,66.0,0.0,0.6162233096707139,1265.5940519672886,779.888555402852,F,Illinois,24
13173,0.0,0.0,283.0,0.0,0.2570935800296123,1265.5940519672886,325.3761056844534,F,California,8
13174,3.0,256.0,304.0,5599.450333333334,1.230935397983926,2662.385655456878,3277.2247463865074,M,Illinois,25
13178,0.0,0.0,220.0,0.0,0.30895118058699655,1265.5940519672886,391.00677649917446,F,California,9
13183,0.0,0.0,146.0,0.0,0.40550636433407644,1265.5940519672886,513.2064427360874,F,New York,42
13187,0.0,0.0,152.0,0.0,0.39544920607414835,1265.5940519672886,500.4781630626287,F,Illinois,50
13198,2.0,165.0,233.0,1973.54,0.943404928187958,1436.0157559662725,1354.7443411341376,M,California,50
13199,5.0,259.0,277.0,250.42020000000002,2.290232838349804,816.7264792067662,1870.493802629154,M,California,47
13208,0.0,0.0,11.0,0.0,0.9739387469086762,1265.5940519672886,1232.611085068095,F,Illinois,4
13209,2.0,123.0,233.0,89.2735,0.7779410219041626,982.4219348411548,764.2663239313925,F,California,18
13211,0.0,0.0,224.0,0.0,0.30503809042399554,1265.5940519672886,386.0543928640687,F,Illinois,33
13221,0.0,0.0,207.0,0.0,0.32240052974624817,1265.5940519672886,408.02819279795455,F,New York,35
13225,1.0,75.0,233.0,437.668,0.3688279061018149,1152.3062595655174,425.00270490356417,F,New York,50
13230,2.0,243.0,254.0,4270.4235,1.026849897221547,1988.9376295145391,2042.3404004470717,M,California,30
13233,1.0,1.0,148.0,206.96,0.3221668942393087,1120.73773971121,361.0645968595433,M,Illinois,30
13238,0.0,0.0,214.0,0.0,0.31501485379595734,1265.5940519672886,398.68092524550866,M,California,19
13240,0.0,0.0,261.0,0.0,0.2730834002025971,1265.5940519672886,345.61272698740953,F,California,24
13246,1.0,16.0,125.0,202.248,0.4992189156160126,1120.092981551313,559.1716036391529,F,California,25
13253,0.0,0.0,165.0,0.0,0.37530593980465743,1265.5940519672886,474.9849650847677,M,Illinois,38
13255,0.0,0.0,360.0,0.0,0.21343287172922207,1265.5940519672886,270.1193729548007,M,California,15
13263,0.0,0.0,104.0,0.0,0.49374780489271036,1265.5940519672886,624.8842850441196,M,New Jersey,16
13266,0.0,0.0,202.0,0.0,0.32789418410972976,1265.5940519672886,414.980929083941,F,Washington DC,12
13267,5.0,149.0,279.0,2260.3324000000002,1.0366969649491622,1705.425896481387,1768.009850827958,M,California,46
13269,1.0,93.0,320.0,1613.88,0.25840361545849205,1313.2511417320432,339.34884302855255,F,California,41
13270,0.0,0.0,268.0,0.0,0.2677824161167142,1265.5940519672886,338.9038330587429,M,Illinois,7
13280,2.0,106.0,152.0,2492.135,1.270910517566746,1560.8555743605289,1983.7077658574801,F,California,43
13284,1.0,36.0,128.0,89.30000000000001,0.592366321171387,1104.6379423653968,654.3503141453207,F,Illinois,14
13295,1.0,126.0,335.0,580.918,0.28657020715119336,1171.9076191591578,335.83380918450166,F,New York,33
13304,0.0,0.0,169.0,0.0,0.3695201746174857,1265.5940519672886,467.66253507780374,M,California,12
13305,0.0,0.0,345.0,0.0,0.22072832252888186,1265.5940519672886,279.35245209327013,F,Illinois,38
13309,0.0,0.0,8.0,0.0,1.0066378042507846,1265.5940519672886,1273.9948175452048,M,Illinois,14
13310,2.0,30.0,99.0,357.825,1.1771553344698353,1047.069531693236,1232.563484793525,M,New Jersey,15
13313,0.0,0.0,168.0,0.0,0.3709495885438594,1265.5940519672886,469.47159284082153,M,California,42
13317,0.0,0.0,201.0,0.0,0.32901572301135107,1265.5940519672886,416.4003420468829,F,Illinois,17
13319,4.0,119.0,286.0,1465.33125,0.5960854792862763,1343.1004436518697,800.6026716838351,F,Illinois,27
13324,1.0,190.0,224.0,1615.06,0.5843009015313174,1313.412604938469,767.4281691481435,F,Illinois,24
13327,0.0,0.0,256.0,0.0,0.27700130466620326,1265.5940519672886,350.5712035727256,F,Illinois,14
13328,0.0,0.0,48.0,0.0,0.6992534307868303,1265.5940519672886,884.9709828215326,M,Illinois,18
13329,2.0,103.0,279.0,16.2195,0.4863244548997851,964.8358646072073,469.22327592286297,M,Illinois,2
13330,0.0,0.0,44.0,0.0,0.7209640041200626,1265.5940519672886,912.4477552968709,F,New York,47
13368,0.0,0.0,156.0,0.0,0.38902122940200307,1265.5940519672886,492.34295402017716,M,California,43
13369,1.0,87.0,263.0,486.29099999999994,0.33431410689822577,1158.9595015028408,387.45651067613517,F,New York,24
13370,2.0,67.0,334.0,1341.1799999999998,0.2082320391765549,1283.789630454473,267.3261326232507,M,Washington DC,41
13385,0.0,0.0,123.0,0.0,0.44941471355697454,1265.5940519672886,568.7765883442897,F,Illinois,26
13394,0.0,0.0,15.0,0.0,0.9336770224422474,1265.5940519672886,1181.6560860614368,M,Washington DC,6
13396,1.0,43.0,77.0,164.9,1.0045850733530375,1114.9825342347108,1120.0948109415326,M,Illinois,25
13397,0.0,0.0,166.0,0.0,0.3738423347920414,1265.5940519672886,473.1326352863713,M,California,40
13402,0.0,0.0,335.0,0.0,0.22587725874913112,1265.5940519672886,285.86891514757656,M,Illinois,42
13405,0.0,0.0,65.0,0.0,0.6202993812076527,1265.5940519672886,785.047207295395,F,New York,7
13408,10.0,330.0,362.0,669.2633,3.5972087253266696,899.9301674938301,3237.236650693497,M,Illinois,30
13418,2.0,141.0,347.0,770.292,0.42839708903858004,1146.361475066434,491.0979189044331,F,New York,22
13426,1.0,56.0,207.0,572.654,0.38078546853432926,1170.776829381274,445.81480352508487,M,Illinois,38
13448,2.0,138.0,362.0,505.848,0.38369813980151346,1082.7026643655004,415.4309982751849,F,California,41
13451,0.0,0.0,142.0,0.0,0.4125051563220114,1265.5940519672886,522.0640722469742,M,California,12
13455,1.0,152.0,270.0,177.89100000000002,0.42630490060923154,1116.7601346708782,476.08031821522076,F,New York,38
13458,4.0,104.0,208.0,494.31224999999995,1.2080801227811422,966.304435254652,1167.3731807864024,F,California,33
13468,6.0,334.0,353.0,1081.126,2.291619611063252,1175.6693414364195,2694.186918961517,M,New York,33
13473,1.0,12.0,137.0,101.2,0.4235496973870586,1106.2662577522333,468.5587387004722,F,New York,5
13481,0.0,0.0,290.0,0.0,0.2523942684163188,1265.5940519672886,319.4286848583283,M,Illinois,6
13487,0.0,0.0,172.0,0.0,0.36529817871051745,1265.5940519672886,462.3192021705145,M,Washington DC,6
13488,4.0,274.0,285.0,1686.7915,1.8302524252259134,1429.0362885927514,2615.4971329327213,F,California,22
13491,5.0,321.0,340.0,579.0142,1.9711562302405072,962.0170527551713,1896.2859071359667,F,Illinois,16
13494,0.0,0.0,25.0,0.0,0.8468244803798237,1265.5940519672886,1071.7360254289947,M,California,33
13495,2.0,80.0,289.0,156.81849999999997,0.352270706787771,998.681840033916,351.80635764485925,M,New York,25
13496,1.0,18.0,211.0,47.153,0.24959725520584256,1098.8708323982544,274.27514359236375,F,New York,21
13497,0.0,0.0,300.0,0.0,0.24597345735554368,1265.5940519672886,311.30254457100557,F,New York,22
13502,0.0,0.0,96.0,0.0,0.5152115680375847,1265.5940519672886,652.0486960131072,F,California,32
13506,2.0,289.0,318.0,552.636,0.8486984952287202,1093.9657992260957,928.4471276348717,M,New Jersey,30
13520,1.0,233.0,333.0,2599.699,0.3989122249800789,1448.1439355417665,577.682319418374,F,Illinois,19
13523,0.0,0.0,269.0,0.0,0.26704202405672317,1265.5940519672886,337.96679727149444,F,Illinois,13
13527,0.0,0.0,114.0,0.0,0.46935672413222024,1265.5940519672886,594.0150783125895,F,California,44
13531,0.0,0.0,268.0,0.0,0.2677824161167142,1265.5940519672886,338.9038330587429,F,New Jersey,48
13534,5.0,147.0,194.0,605.3165999999999,2.535116522234996,973.6468779549606,2468.3082871261413,F,California,20
13538,0.0,0.0,44.0,0.0,0.7209640041200626,1265.5940519672886,912.4477552968709,M,New York,32
13539,0.0,0.0,12.0,0.0,0.9635325942558464,1265.5940519672886,1219.44112016681,M,New York,24
13551,0.0,0.0,76.0,0.0,0.5783035682361725,1265.5940519672886,731.8975561911589,F,Illinois,46
13552,0.0,0.0,44.0,0.0,0.7209640041200626,1265.5940519672886,912.4477552968709,F,New York,50
13564,1.0,114.0,287.0,3533.656,0.3396693017104706,1575.94028459585,535.2985360060727,M,California,26
13565,0.0,0.0,142.0,0.0,0.4125051563220114,1265.5940519672886,522.0640722469742,F,New Jersey,8
13569,0.0,0.0,285.0,0.0,0.25573302160078015,1265.5940519672886,323.6541910295695,M,Illinois,14
13576,3.0,332.0,349.0,370.35699999999997,1.1818601382855813,977.0612728123385,1154.7497709994766,M,New York,23
13579,0.0,0.0,304.0,0.0,0.24349631790576426,1265.5940519672886,308.1674916174712,F,New York,49
13581,0.0,0.0,12.0,0.0,0.9635325942558464,1265.5940519672886,1219.44112016681,F,California,47
13584,1.0,1.0,3.0,1961.779,2.0904338241530898,1360.8552841492708,2844.7779157631,M,Illinois,35
13593,1.0,1.0,147.0,1556.536,0.32521814646641506,1305.4045772326526,424.54125699637746,M,California,28
13599,4.0,161.0,279.0,203.884,1.1320249701304226,853.6061200560935,966.3034425596451,F,California,46
13600,0.0,0.0,29.0,0.0,0.8166387875298307,1265.5940519672886,1033.533192103532,F,California,13
13606,0.0,0.0,25.0,0.0,0.8468244803798237,1265.5940519672886,1071.7360254289947,F,California,28
13611,0.0,0.0,211.0,0.0,0.31813783446328303,1265.5940519672886,402.63335100248486,F,New York,5
13614,0.0,0.0,125.0,0.0,0.44521542992818475,1265.5940519672886,563.4619999611698,M,Illinois,20
13615,2.0,41.0,75.0,772.6205,1.7903160915215057,1146.9220078851674,2053.3529264369704,F,California,11
13627,0.0,0.0,189.0,0.0,0.3431061531493223,1265.5940519672886,434.23310661915986,F,Illinois,49
13629,1.0,142.0,163.0,762.503,0.7328224945644156,1196.7544804632496,877.0086037542197,F,New York,22
13634,0.0,0.0,116.0,0.0,0.4647706203065653,1265.5940519672886,588.2109325891362,M,Illinois,21
13649,1.0,1.0,269.0,658.082,0.1243135774312238,1182.4662181935987,146.99660577521632,F,California,34
13652,0.0,0.0,302.0,0.0,0.24472857490215535,1265.5940519672886,309.72702874259886,F,Washington DC,35
13656,0.0,0.0,153.0,0.0,0.39382206771449646,1265.5940519672886,498.4188664329255,M,Illinois,44
13659,1.0,1.0,86.0,818.304,0.6197752639094041,1204.3899112952547,746.4510751228403,F,Illinois,8
13668,2.0,225.0,237.0,1553.2675,1.0759605663139724,1334.8448179971447,1436.2403863134791,F,Illinois,15
13672,1.0,5.0,139.0,154.044,0.37517187457743234,1113.4970727355933,417.75278411469606,F,New Jersey,45
13680,2.0,15.0,166.0,1390.4875,0.3648939764707867,1295.6592769907388,472.77826573241515,M,Washington DC,34
13693,0.0,0.0,104.0,0.0,0.49374780489271036,1265.5940519672886,624.8842850441196,M,Illinois,3
13694,7.0,349.0,360.0,665.7602857142857,2.6635830932452818,950.0857994733365,2530.632472609606,F,California,44
13700,1.0,1.0,117.0,50.956,0.4384363430061344,1099.3912091559132,482.0130612754108,M,Illinois,42
13703,0.0,0.0,69.0,0.0,0.6043197447257493,1265.5940519672886,764.8234744112985,F,Illinois,18
13705,0.0,0.0,362.0,0.0,0.21249662278988068,1265.5940519672886,268.9344618660096,F,Illinois,39
13707,0.0,0.0,41.0,0.0,0.738189881223311,1265.5940519672886,934.2487228986616,F,Illinois,28
13709,0.0,0.0,40.0,0.0,0.7441238100325149,1265.5940519672886,941.7586679043875,F,New York,22
13715,4.0,196.0,348.0,1279.32475,0.8791715297228028,1270.9221374231172,1117.358559716856,M,California,23
13725,1.0,1.0,9.0,47.031000000000006,1.8744928953613078,1098.8541387447087,2059.7942761153254,F,Illinois,48
13728,0.0,0.0,19.0,0.0,0.8967741902569497,1265.5940519672886,1134.9520811469772,F,New York,2
13742,1.0,1.0,82.0,230.55,0.6501927710757729,1123.965635507468,730.7943311445428,F,California,6
13747,0.0,0.0,362.0,0.0,0.21249662278988068,1265.5940519672886,268.9344618660096,F,Illinois,21
13748,0.0,0.0,364.0,0.0,0.2115685969281288,1265.5940519672886,267.75995785530455,F,California,30
13750,0.0,0.0,151.0,0.0,0.39709006064605684,1265.5940519672886,502.55481884897944,M,New York,20
13754,0.0,0.0,58.0,0.0,0.6504694600414415,1265.5940519672886,823.2302796148222,M,New York,7
13756,2.0,85.0,286.0,621.7475,0.382976045812586,1110.6028032638412,425.3342700623593,F,California,6
13758,2.0,215.0,360.0,275.451,0.5906117216701181,1027.239885822357,606.6999175337579,M,Washington DC,46
13764,1.0,1.0,155.0,3406.881,0.30186092271823745,1558.5932523970105,470.4783973109803,M,New York,14
13767,8.0,225.0,362.0,511.80725,1.1271697120906798,844.1358304840137,951.4843410120926,F,Illinois,29
13769,3.0,197.0,284.0,491.32066666666674,1.1273096646755176,1016.0475757623885,1145.4002519270707,F,New York,20
13777,9.0,333.0,351.0,469.79422222222223,3.436269599844228,797.7262340514782,2741.2024070693155,F,California,7
13782,0.0,0.0,117.0,0.0,0.4625116868282216,1265.5940519672886,585.3520398151545,M,New Jersey,17
13784,2.0,109.0,132.0,91.25800000000001,1.498032437143837,982.8996575720014,1472.415569500428,M,New York,30
13786,0.0,0.0,283.0,0.0,0.2570935800296123,1265.5940519672886,325.3761056844534,M,Illinois,21
13787,0.0,0.0,244.0,0.0,0.28688376682725264,1265.5940519672886,363.07838890254146,F,New Jersey,35
13798,6.0,254.0,335.0,1569.5668333333333,1.9158373333100591,1413.7750734617418,2708.5630666411766,M,California,37
13800,0.0,0.0,13.0,0.0,0.9533588599713092,1265.5940519672886,1206.5653025700042,F,California,27
13802,1.0,199.0,224.0,818.339,0.5943135881782955,1204.394700458157,715.7881360122108,F,New Jersey,40
13807,0.0,0.0,280.0,0.0,0.25916199514160526,1265.5940519672886,327.99387954719094,F,Illinois,33
13815,1.0,1.0,71.0,594.5999999999999,0.7449769778356594,1173.7797713543423,874.4389067081893,F,California,33
13817,0.0,0.0,170.0,0.0,0.36810188864724247,1265.5940519672886,465.86756078987526,M,California,14
13819,1.0,68.0,80.0,878.124,1.0919647421826602,1212.5752748616878,1324.089447391411,F,California,7
13824,0.0,0.0,18.0,0.0,0.9057090875275602,1265.5940519672886,1146.2600339876005,M,Illinois,42
13829,0.0,0.0,202.0,0.0,0.32789418410972976,1265.5940519672886,414.980929083941,F,New York,38
13831,0.0,0.0,318.0,0.0,0.2352083590407419,1265.5940519672886,297.67830017494936,F,California,35
13837,0.0,0.0,62.0,0.0,0.6328684694624829,1265.5940519672886,800.95457062936,F,California,5
13838,1.0,1.0,324.0,1877.88,0.08830094939407021,1349.3751133391706,119.15110359657986,F,California,5
13842,3.0,266.0,278.0,532.2620000000001,1.4090070816721234,1029.2428704198392,1450.210493182097,F,New York,5
13846,0.0,0.0,212.0,0.0,0.3170899079532224,1265.5940519672886,401.3071014444533,F,New Jersey,4
13848,0.0,0.0,268.0,0.0,0.2677824161167142,1265.5940519672886,338.9038330587429,M,New York,35
13854,7.0,242.0,263.0,351.8841428571428,3.2723471649513494,784.989202876223,2568.757192549428,F,Illinois,44
13859,1.0,1.0,109.0,462.30500000000006,0.47749799433660134,1155.677419749172,551.8336500303282,M,New York,45
13862,1.0,14.0,132.0,261.90000000000003,0.4557079865064668,1128.2553571358144,514.1549770654966,M,California,32
13869,1.0,152.0,186.0,6615.058,0.6564714950443761,1997.5784601948887,1311.3533182325814,F,New Jersey,6
13871,0.0,0.0,11.0,0.0,0.9739387469086762,1265.5940519672886,1232.611085068095,F,New York,17
13873,0.0,0.0,16.0,0.0,0.9241540169637026,1265.5940519672886,1169.6038269709386,M,Illinois,24
13874,0.0,0.0,192.0,0.0,0.3394702170134642,1265.5940519672886,429.63148747228496,F,California,39
13880,0.0,0.0,283.0,0.0,0.2570935800296123,1265.5940519672886,325.3761056844534,F,New York,40
13881,0.0,0.0,27.0,0.0,0.8314447677617632,1265.5940519672886,1052.2715526186112,F,Illinois,22
13883,0.0,0.0,108.0,0.0,0.4836868971169646,1265.5940519672886,612.1512600057442,M,California,36
13890,1.0,143.0,201.0,21.991999999999997,0.5903611514710261,1095.4279716042888,646.6981186698785,F,New York,31
13894,0.0,0.0,18.0,0.0,0.9057090875275602,1265.5940519672886,1146.2600339876005,F,New York,16
13898,0.0,0.0,107.0,0.0,0.4861626467316356,1265.5940519672886,615.2845539922322,F,New Jersey,23
13901,0.0,0.0,74.0,0.0,0.5854986842355321,1265.5940519672886,741.003652203163,F,California,10
13911,1.0,1.0,5.0,1485.462,2.014716848295157,1295.6792925432396,2610.4269006740146,M,Illinois,30
13922,0.0,0.0,170.0,0.0,0.36810188864724247,1265.5940519672886,465.86756078987526,F,New Jersey,11
13929,1.0,22.0,109.0,11.391,0.6226904135280884,1093.9774025777465,681.209241201521,F,Washington DC,21
13939,1.0,6.0,25.0,119.228,1.496943168750492,1108.7330871466777,1659.710420771863,M,Illinois,36
13941,1.0,23.0,348.0,26.118,0.11439996852729803,1095.992545493876,125.38151271065266,F,New York,38
13948,0.0,0.0,223.0,0.0,0.306006943913002,1265.5940519672886,387.280568076983,F,Illinois,9
13953,0.0,0.0,171.0,0.0,0.3666945996499198,1265.5940519672886,464.0865042054647,F,Illinois,16
13958,0.0,0.0,336.0,0.0,0.22535151396844785,1265.5940519672886,285.20353568029094,F,New Jersey,22
13959,0.0,0.0,235.0,0.0,0.29477576639406533,1265.5940519672886,373.06645661242806,M,California,38
13963,3.0,282.0,287.0,1301.9833333333333,1.3922965124338946,1277.32223106904,1778.4112875717058,F,Illinois,40
13969,1.0,166.0,254.0,1293.411,0.47886385032830775,1269.4003346980865,607.8699318815683,F,New York,15
13982,1.0,147.0,258.0,1812.2800000000002,0.4446083924904929,1340.3988537277028,595.9525796519732,F,Illinois,13
13983,2.0,169.0,278.0,3590.6315,0.7442001924600931,1825.2933409543562,1358.383655634358,M,California,30
13984,1.0,163.0,267.0,54.322,0.44669984043234706,1099.8517897939041,491.3036190001683,F,New York,34
13993,0.0,0.0,126.0,0.0,0.44314563149171515,1265.5940519672886,560.8424753712027,M,Illinois,49
13999,2.0,143.0,232.0,1180.4875,0.8691833811092147,1245.10660705988,1082.2259705657289,F,Illinois,48
14001,0.0,0.0,356.0,0.0,0.21533048221458284,1265.5940519672886,272.5209774980241,F,New York,10
14006,0.0,0.0,29.0,0.0,0.8166387875298307,1265.5940519672886,1033.533192103532,F,New Jersey,3
14016,0.0,0.0,187.0,0.0,0.34557424653632274,1265.5940519672886,437.35671092944744,M,California,41
14030,1.0,1.0,266.0,24.491,0.1268222841231166,1095.7699178355244,138.96804385330103,F,California,5
14031,4.0,239.0,336.0,358.32025000000004,1.2742359677959443,913.5338480942006,1164.057687040667,F,Illinois,17
14032,4.0,107.0,277.0,258.837,0.5293473792852833,874.9301837968155,463.1419998504355,M,New York,50
14037,0.0,0.0,248.0,0.0,0.2835114767213743,1265.5940519672886,358.8104386030337,M,California,24
14040,2.0,90.0,129.0,2808.931,1.4161719125533883,1637.116924948226,2318.439006677451,F,New York,10
14044,1.0,1.0,15.0,4775.562,1.688605491230888,1745.8742886970676,2948.0929108926894,M,California,49
14045,1.0,203.0,361.0,139.446,0.33514205024604793,1111.4995813055903,372.51024852637937,F,California,14
14047,2.0,196.0,348.0,52.9705,0.5799059498009512,973.6828225721073,564.6444620285489,F,California,10
14049,1.0,1.0,64.0,6053.17,0.8152339243609911,1920.6935126252458,1565.8145097921758,M,Illinois,45
14051,3.0,232.0,272.0,858.3106666666666,1.3499979018600887,1134.3275825934106,1531.339856523131,M,Illinois,6
14057,1.0,6.0,220.0,560.7760000000001,0.19310670356860477,1169.1515243254048,225.77099683468836,M,New York,39
14060,4.0,280.0,344.0,836.84125,1.424504087640724,1099.2200218294674,1565.8434143126021,F,Illinois,22
14062,3.0,149.0,243.0,980.5226666666667,1.1455199641118616,1173.7162204168744,1344.5153626894478,F,California,18
14068,0.0,0.0,81.0,0.0,0.561086461747573,1265.5940519672886,710.1076886271001,M,California,32
14078,0.0,0.0,356.0,0.0,0.21533048221458284,1265.5940519672886,272.5209774980241,F,New York,7
14081,0.0,0.0,304.0,0.0,0.24349631790576426,1265.5940519672886,308.1674916174712,F,California,49
14082,0.0,0.0,250.0,0.0,0.2818551550070526,1265.5940519672886,356.7142076932439,F,New York,31
14083,1.0,157.0,331.0,1874.687,0.32963037120120925,1348.9382048492407,444.65100119194807,M,Illinois,41
14085,5.0,284.0,297.0,1838.7056,2.2005474401506326,1519.0000956591607,3342.631772091332,F,New York,5
14088,0.0,0.0,89.0,0.0,0.5356247888119711,1265.5940519672886,677.8835468066657,M,Washington DC,39
14090,0.0,0.0,102.0,0.0,0.4989404890933523,1265.5940519672886,631.4561152821965,F,California,32
14092,3.0,260.0,348.0,912.525,1.0165277744452974,1151.8007336792878,1170.837436411467,F,Illinois,41
14099,1.0,60.0,178.0,1931.3860000000002,0.4778289413313955,1356.6965119180002,648.268857997775,M,New York,32
14101,0.0,0.0,111.0,0.0,0.47641179610084927,1265.5940519672886,602.9439354322875,M,California,25
14107,1.0,68.0,245.0,16.791,0.3277269126666502,1094.7163019969832,358.7679938993236,M,Illinois,11
14113,3.0,152.0,178.0,111.03066666666666,1.8267692366608599,893.4810104669597,1632.1836234617017,M,Illinois,23
14114,0.0,0.0,126.0,0.0,0.44314563149171515,1265.5940519672886,560.8424753712027,M,California,18
14119,0.0,0.0,176.0,0.0,0.3598186673504427,1265.5940519672886,455.38436518551674,M,California,8
14127,0.0,0.0,19.0,0.0,0.8967741902569497,1265.5940519672886,1134.9520811469772,F,Illinois,17
14130,0.0,0.0,75.0,0.0,0.5818782481147224,1265.5940519672886,736.4216497831388,F,New York,50
14133,1.0,31.0,44.0,77.137,1.3598713854279667,1102.9736398401792,1499.9022916999916,F,Illinois,32
14135,7.0,235.0,348.0,628.0772857142857,1.5924555727194352,930.2648121471331,1481.4053842085004,F,Illinois,21
14142,0.0,0.0,350.0,0.0,0.21824139537577586,1265.5940519672886,276.20501188062326,F,Illinois,21
14146,1.0,141.0,186.0,3749.156,0.6387501536288058,1605.4278447524257,1025.4672824755746,M,California,29
14150,0.0,0.0,211.0,0.0,0.31813783446328303,1265.5940519672886,402.63335100248486,M,Illinois,48
14156,5.0,323.0,336.0,1307.534,2.008783217416681,1284.1381492553187,2579.555163068601,F,California,5
14159,0.0,0.0,241.0,0.0,0.28946660958220544,1265.5940519672886,366.34721933037656,F,California,13
14161,0.0,0.0,311.0,0.0,0.2392801026326916,1265.5940519672886,302.83147464605685,F,Illinois,41
14167,0.0,0.0,128.0,0.0,0.43906429918741824,1265.5940519672886,555.6771654827826,M,California,29
14175,2.0,35.0,122.0,467.6055,0.9453643746900181,1073.4966620805915,1014.84550067964,M,California,37
14176,2.0,173.0,286.0,134.1585,0.7243933227425933,993.2269662213766,719.4869822986485,F,New York,13
14180,9.0,327.0,342.0,1934.927666666667,3.524468345685504,1659.1096648914838,5847.479495930918,F,California,11
14185,0.0,0.0,129.0,0.0,0.43705221283724816,1265.5940519672886,553.1306809659627,F,California,19
14188,0.0,0.0,18.0,0.0,0.9057090875275602,1265.5940519672886,1146.2600339876005,F,California,50
14189,2.0,234.0,300.0,2063.1635,0.8211560053453879,1457.5905522212647,1196.9092352911919,F,New York,7
14194,0.0,0.0,4.0,0.0,1.0540515050173196,1265.5940519672886,1334.0013152170884,M,Illinois,19
14201,0.0,0.0,206.0,0.0,0.323484316375613,1265.5940519672886,409.3998267096803,F,California,12
14205,0.0,0.0,258.0,0.0,0.27542061291877135,1265.5940519672886,348.570689499182,M,Illinois,26
14206,0.0,0.0,223.0,0.0,0.306006943913002,1265.5940519672886,387.280568076983,F,Illinois,24
14209,0.0,0.0,134.0,0.0,0.4272669956124613,1265.5940519672886,540.7465682490646,F,California,29
14210,1.0,164.0,330.0,2425.203,0.3388679013507051,1424.2670849752612,482.63839804845315,F,New York,18
14213,0.0,0.0,334.0,0.0,0.22640547765337257,1265.5940519672886,286.5374258509212,F,California,25
14215,4.0,248.0,288.0,664.067,1.7058752402758584,1032.176382360185,1760.7641342657469,F,New York,29
14217,4.0,248.0,270.0,132.45550000000003,1.8612481994120453,825.8888728283866,1537.1841774662782,F,New York,10
14220,0.0,0.0,192.0,0.0,0.3394702170134642,1265.5940519672886,429.63148747228496,F,California,19
14221,0.0,0.0,165.0,0.0,0.37530593980465743,1265.5940519672886,474.9849650847677,F,New York,39
14224,1.0,1.0,83.0,60.837,0.642402386115778,1100.7432582598906,707.1200956070098,F,Illinois,3
14229,2.0,98.0,139.0,139.84,1.3557356658974022,994.5946566700061,1348.4074491585088,M,Illinois,29
14233,1.0,41.0,61.0,1094.574,1.176441235906128,1242.1928265827592,1461.3668641387478,F,New Jersey,2
14236,0.0,0.0,334.0,0.0,0.22640547765337257,1265.5940519672886,286.5374258509212,F,Illinois,18
14237,0.0,0.0,356.0,0.0,0.21533048221458284,1265.5940519672886,272.5209774980241,F,Illinois,39
14238,0.0,0.0,110.0,0.0,0.4788118702164643,1265.5940519672886,605.9814549572906,M,New York,21
14239,0.0,0.0,49.0,0.0,0.6940359806029495,1265.5940519672886,878.3678089023773,F,California,46
14242,0.0,0.0,108.0,0.0,0.4836868971169646,1265.5940519672886,612.1512600057442,F,Illinois,26
14243,2.0,204.0,265.0,1382.1785,0.8969396505946036,1293.6590763504744,1160.334119930332,M,New York,46
14248,0.0,0.0,65.0,0.0,0.6202993812076527,1265.5940519672886,785.047207295395,M,Illinois,34
14256,0.0,0.0,248.0,0.0,0.2835114767213743,1265.5940519672886,358.8104386030337,F,Illinois,7
14257,0.0,0.0,73.0,0.0,0.5891657812457135,1265.5940519672886,745.6447083672357,F,Illinois,38
14258,0.0,0.0,157.0,0.0,0.3874472498668571,1265.5940519672886,490.35093488257814,F,California,31
14264,0.0,0.0,335.0,0.0,0.22587725874913112,1265.5940519672886,285.86891514757656,M,Illinois,16
14270,0.0,0.0,131.0,0.0,0.43308385794089166,1265.5940519672886,548.1083546130386,M,New York,6
14282,0.0,0.0,285.0,0.0,0.25573302160078015,1265.5940519672886,323.6541910295695,F,New Jersey,37
14290,1.0,184.0,233.0,33.528,0.5526186033626497,1097.0064796969396,606.2261886898997,F,New York,17
14292,0.0,0.0,108.0,0.0,0.4836868971169646,1265.5940519672886,612.1512600057442,M,New Jersey,22
14293,0.0,0.0,302.0,0.0,0.24472857490215535,1265.5940519672886,309.72702874259886,F,California,18
14295,0.0,0.0,135.0,0.0,0.4253632206941269,1265.5940519672886,538.3371620361361,F,Illinois,7
14298,7.0,187.0,219.0,2085.203571428571,3.522507166072742,1696.702772018179,5976.6476731295215,M,Illinois,41
14299,8.0,220.0,270.0,304.635,3.214996874753082,728.3014224023007,2341.486796901621,F,Washington DC,18
14307,1.0,262.0,361.0,2395.434,0.38004411317418485,1420.1936966768803,539.7362539891323,F,California,28
14309,2.0,181.0,197.0,309.6155,1.2077130229844906,1035.4642034026085,1250.5436032835917,F,New Jersey,49
14312,1.0,134.0,153.0,819.369,0.7645406518140074,1204.5356386807152,920.9164623301558,M,Illinois,27
14320,2.0,46.0,137.0,510.4645,0.9200970834659433,1083.8139805594803,997.2140825323925,F,Illinois,29
14321,0.0,0.0,139.0,0.0,0.4179176585819986,1265.5940519672886,528.9141029134735,F,Washington DC,24
14329,1.0,1.0,121.0,79.02199999999999,0.4205209114461128,1103.231570470783,463.93194555050013,F,California,22
14334,1.0,114.0,193.0,1990.719,0.5644832797811506,1364.8152377034762,770.415381674149,M,California,41
14341,1.0,8.0,66.0,164.4,0.8647017875436295,1114.9141176218184,964.0682304652147,F,Illinois,3
14344,2.0,108.0,300.0,20.173000000000002,0.44001366193872443,965.7875788004056,424.95972920290086,F,New York,15
14355,0.0,0.0,262.0,0.0,0.27231319413749266,1265.5940519672886,344.63795877262424,F,New York,7
14368,0.0,0.0,80.0,0.0,0.5644451293919938,1265.5940519672886,714.3583984204139,F,New York,4
14373,0.0,0.0,194.0,0.0,0.33708928695251295,1265.5940519672886,426.61819654899494,F,Illinois,40
14388,1.0,81.0,347.0,156.99099999999999,0.2096450130832522,1113.9003202519805,233.52364721266525,F,California,6
14389,0.0,0.0,69.0,0.0,0.6043197447257493,1265.5940519672886,764.8234744112985,M,Washington DC,38
14390,0.0,0.0,345.0,0.0,0.22072832252888186,1265.5940519672886,279.35245209327013,M,Illinois,37
14395,1.0,193.0,335.0,1329.0819999999999,0.3613289156531904,1274.281312695048,460.43468495322577,M,New Jersey,4
14396,0.0,0.0,326.0,0.0,0.23072244573239029,1265.5940519672886,292.00095497425866,M,New Jersey,9
14401,1.0,172.0,212.0,482.536,0.597683562929115,1158.4456927400197,692.3839490967417,F,California,20
14404,1.0,188.0,304.0,823.269,0.4051494548025789,1205.069288261275,488.2331651383874,M,Illinois,32
14409,1.0,217.0,290.0,1739.091,0.45840369887114496,1330.3841667657555,609.8530229650285,M,New York,15
14410,0.0,0.0,0.0,0.0,1.1064879658914122,1265.5940519672886,1400.3645882055553,F,New York,45
14411,0.0,0.0,20.0,0.0,0.8880228293039318,1265.5940519672886,1123.876410778219,F,New York,17
14413,0.0,0.0,236.0,0.0,0.2938772927910035,1265.5940519672886,371.92935376454335,F,Illinois,34
14414,0.0,0.0,200.0,0.0,0.33014505124553795,1265.5940519672886,417.8296131427885,F,New Jersey,7
14415,2.0,112.0,216.0,4539.6630000000005,0.8183464762475476,2053.7508465423944,1680.6797683583864,M,New Jersey,47
14419,1.0,1.0,251.0,1324.002,0.14046784749842398,1273.5861999080623,178.89791210478302,M,New York,20
14426,2.0,173.0,207.0,1609.7600000000002,1.12019416977887,1348.444088026045,1510.5192056795609,F,California,13
14428,0.0,0.0,104.0,0.0,0.49374780489271036,1265.5940519672886,624.8842850441196,F,Illinois,23
14437,0.0,0.0,264.0,0.0,0.2707858519069946,1265.5940519672886,342.70496353038743,F,New York,3
14438,1.0,1.0,1.0,275.21,2.170262529980482,1130.0766073710072,2452.5629169847616,F,New York,41
14439,0.0,0.0,79.0,0.0,0.5678453695067283,1265.5940519672886,718.6617220848824,F,New York,48
14440,1.0,206.0,261.0,3741.964,0.5079255834843147,1604.443740192583,814.9380229050739,F,New Jersey,10
14441,1.0,167.0,256.0,29.04,0.4755898368814503,1096.3923721796184,521.433069442971,M,New Jersey,19
14442,2.0,29.0,57.0,474.94050000000004,2.036758674586916,1075.2623946231765,2190.0500097058543,F,California,44
14443,2.0,319.0,336.0,768.8205,0.8294654834861142,1146.0072452864185,950.5734537900889,F,New Jersey,41
14448,0.0,0.0,243.0,0.0,0.28773952973796735,1265.5940519672886,364.16143735223625,F,California,42
14449,1.0,1.0,341.0,4791.44,0.08010569878679209,1748.046926656075,140.02852057188917,M,New Jersey,39
14450,0.0,0.0,86.0,0.0,0.5448902910160645,1265.5940519672886,689.609911284656,F,New York,29
14457,0.0,0.0,20.0,0.0,0.8880228293039318,1265.5940519672886,1123.876410778219,F,New Jersey,4
14460,0.0,0.0,19.0,0.0,0.8967741902569497,1265.5940519672886,1134.9520811469772,F,California,38
14462,1.0,161.0,167.0,6129.852,0.7457285585729232,1931.1861580448585,1440.1406699747738,F,Illinois,42
14466,1.0,332.0,342.0,703.697,0.44774724856975556,1188.7078657877619,532.2406762596967,F,Illinois,18
14467,0.0,0.0,32.0,0.0,0.7954350797386387,1265.5940519672886,1006.697905643347,F,Illinois,34
14472,2.0,38.0,183.0,1380.824,0.4920471614382303,1293.3330116294205,636.380837166614,F,Washington DC,10
14479,0.0,0.0,261.0,0.0,0.2730834002025971,1265.5940519672886,345.61272698740953,F,California,17
14487,1.0,1.0,294.0,1338.3220000000001,0.105833764266882,1275.5456517012974,134.9957978138015,F,Illinois,41
14491,1.0,1.0,345.0,360.582,0.0783307121390452,1141.7583335226877,89.43474335552162,F,California,6
14496,1.0,325.0,352.0,538.869,0.42947920096778547,1166.1539188481422,500.83885327235186,F,California,47
14497,0.0,0.0,12.0,0.0,0.9635325942558464,1265.5940519672886,1219.44112016681,M,California,42
14498,0.0,0.0,231.0,0.0,0.2984258341935853,1265.5940519672886,377.6859607087779,F,Illinois,25
14501,0.0,0.0,80.0,0.0,0.5644451293919938,1265.5940519672886,714.3583984204139,F,Illinois,20
14502,2.0,5.0,35.0,714.2585,2.192083753017093,1132.8726987303826,2483.3518371234995,M,Illinois,22
14505,3.0,85.0,234.0,1343.067,0.6348369245074003,1290.5633994223379,819.2972993710925,F,California,8
14506,0.0,0.0,307.0,0.0,0.24167118557092557,1265.5940519672886,305.8576149904462,F,California,34
14514,0.0,0.0,128.0,0.0,0.43906429918741824,1265.5940519672886,555.6771654827826,F,Illinois,29
14524,0.0,0.0,222.0,0.0,0.3069820359647164,1265.5940519672886,388.51463877775336,F,New York,15
14525,1.0,113.0,224.0,281.07800000000003,0.4705103744810296,1130.879544739911,532.0905580885118,F,New Jersey,48
14527,10.0,331.0,363.0,1459.2998,3.590301474623803,1384.3724246016143,4970.314357475705,M,California,43
14532,1.0,132.0,171.0,1426.684,0.6809787104929562,1287.636509198074,876.853049617356,F,Illinois,44
14533,0.0,0.0,171.0,0.0,0.3666945996499198,1265.5940519672886,464.0865042054647,F,Illinois,30
14534,2.0,3.0,72.0,2360.301,1.0894532420229985,1529.1195710859342,1665.904274160388,M,California,14
14540,0.0,0.0,12.0,0.0,0.9635325942558464,1265.5940519672886,1219.44112016681,F,New Jersey,12
14541,1.0,29.0,76.0,7947.866,0.9291036133778642,2179.9508781863756,2025.4002379092099,F,California,24
14543,1.0,176.0,248.0,1919.313,0.5052361739118209,1355.044524383103,684.617510979482,M,Illinois,11
14544,0.0,0.0,230.0,0.0,0.2993526610462565,1265.5940519672886,378.8589472607221,M,California,6
14548,0.0,0.0,65.0,0.0,0.6202993812076527,1265.5940519672886,785.047207295395,F,California,48
14549,0.0,0.0,23.0,0.0,0.8628131926702175,1265.5940519672886,1091.9712446023334,F,Illinois,22
14553,0.0,0.0,165.0,0.0,0.37530593980465743,1265.5940519672886,474.9849650847677,F,California,25
14560,3.0,180.0,190.0,330.582,1.8346902139691066,964.2418846227315,1769.085149616454,M,Illinois,40
14565,0.0,0.0,229.0,0.0,0.30028532086937754,1265.5940519672886,380.0393159853729,F,California,39
14572,0.0,0.0,96.0,0.0,0.5152115680375847,1265.5940519672886,652.0486960131072,F,California,43
14573,0.0,0.0,334.0,0.0,0.22640547765337257,1265.5940519672886,286.5374258509212,M,California,40
14576,0.0,0.0,335.0,0.0,0.22587725874913112,1265.5940519672886,285.86891514757656,F,Illinois,26
14577,0.0,0.0,241.0,0.0,0.28946660958220544,1265.5940519672886,366.34721933037656,M,California,36
14587,1.0,106.0,130.0,3232.152,0.8267486990508902,1534.6845196888976,1268.7984301063364,F,Illinois,30
14589,0.0,0.0,332.0,0.0,0.22746940841892535,1265.5940519672886,287.8839302995098,F,New York,48
14594,1.0,1.0,355.0,2817.189,0.07412392467881661,1477.9037938176534,109.54802949547705,M,California,5
14595,0.0,0.0,38.0,0.0,0.756294774739484,1265.5940519672886,957.1621684442314,F,New York,33
14600,0.0,0.0,0.0,0.0,1.1064879658914122,1265.5940519672886,1400.3645882055553,F,California,7
14606,26.0,349.0,349.0,1761.9620384615384,10.239647942022133,1665.0462350371295,17049.487253969644,F,Illinois,33
14608,0.0,0.0,234.0,0.0,0.2956798046958398,1265.5940519672886,374.2106021099044,F,California,48
14616,0.0,0.0,61.0,0.0,0.6371758796130382,1265.5940519672886,806.4060032952863,F,New York,33
14618,1.0,111.0,268.0,505.14599999999996,0.36865359276627524,1161.539491975009,428.2057068565012,M,Illinois,13
14621,0.0,0.0,198.0,0.0,0.33242740595686604,1265.5940519672886,420.7181476899249,F,New Jersey,41
14625,1.0,109.0,335.0,2474.086,0.263637963450747,1430.9559035512887,377.2543002000853,F,Illinois,14
14627,0.0,0.0,26.0,0.0,0.8390607707087341,1265.5940519672886,1061.910320648063,F,Illinois,46
14639,2.0,35.0,229.0,1019.0335,0.28740406232603855,1206.2402700550374,346.67835375507553,M,Illinois,46
14643,1.0,20.0,192.0,44.749,0.2958445165516046,1098.5418853234683,324.9975929752097,F,Washington DC,4
14646,8.0,89.0,179.0,2369.279125,1.1472090737710021,1882.6878333176696,2159.8365654602985,M,California,45
14653,0.0,0.0,161.0,0.0,0.38127852561321113,1265.5940519672886,482.5438341589375,M,California,2
14657,0.0,0.0,109.0,0.0,0.48123677250193464,1265.5940519672886,609.0503968663837,M,Illinois,2
14659,0.0,0.0,42.0,0.0,0.7323535625780745,1265.5940519672886,926.8623127358645,F,New York,42
14662,0.0,0.0,46.0,0.0,0.7099364467216347,1265.5940519672886,898.4913442456927,M,California,36
14665,0.0,0.0,20.0,0.0,0.8880228293039318,1265.5940519672886,1123.876410778219,F,Illinois,4
14667,6.0,183.0,293.0,3787.2731666666664,1.4726232286625167,2494.8652565078496,3673.9965291165277,F,California,30
14669,1.0,1.0,135.0,2889.55,0.3651025665562576,1487.805182868651,543.2014908010467,F,New York,39
14672,0.0,0.0,147.0,0.0,0.4037942181965293,1265.5940519672886,511.03956076830895,M,New York,8
14673,0.0,0.0,285.0,0.0,0.25573302160078015,1265.5940519672886,323.6541910295695,M,New York,9
14679,0.0,0.0,334.0,0.0,0.22640547765337257,1265.5940519672886,286.5374258509212,M,California,26
14680,6.0,262.0,332.0,923.7598333333334,2.0403253254132485,1098.9562909437418,2242.2283519347266,F,California,37
14684,0.0,0.0,237.0,0.0,0.2929843322312991,1265.5940519672886,370.7992281915401,F,Illinois,4
14688,5.0,332.0,364.0,1186.2202,1.8300594229376093,1230.4982423144234,2251.884903255676,F,New York,46
14692,1.0,10.0,88.0,8.151,0.6819119712508966,1093.5340629262046,745.6939684800102,F,California,16
14696,2.0,245.0,352.0,582.2265,0.6735347747470003,1101.0890315098532,741.6217528143817,M,New York,48
14701,0.0,0.0,52.0,0.0,0.6788567316584658,1265.5940519672886,859.157041724908,M,Illinois,43
14702,3.0,209.0,254.0,1637.062,1.3910947303347387,1385.3172908316033,1927.10758311744,F,New York,50
14708,1.0,78.0,299.0,69.2,0.2605432340794778,1101.887594527127,287.089357470154,F,Illinois,16
14709,2.0,156.0,196.0,913.782,1.13752614775547,1180.9033922491908,1343.3084866565887,M,New York,45
14713,2.0,162.0,254.0,1941.641,0.8273061971562299,1428.336805403775,1181.6718907368752,F,Illinois,42
14715,0.0,0.0,129.0,0.0,0.43705221283724816,1265.5940519672886,553.1306809659627,F,New Jersey,2
14723,1.0,137.0,328.0,2860.803,0.3098875024445704,1483.871638127022,459.8332758875162,M,Illinois,4
14729,1.0,1.0,358.0,3631.573,0.0729227214663584,1589.338583564998,115.89889484504695,M,Washington DC,43
14732,0.0,0.0,166.0,0.0,0.3738423347920414,1265.5940519672886,473.1326352863713,F,New York,33
14733,6.0,228.0,286.0,1180.3466666666666,2.32957630449651,1224.0375528070367,2851.488878833168,M,New York,30
14735,2.0,177.0,194.0,1004.6210000000001,1.2168976077664007,1202.7707921722827,1463.6488996857495,M,Illinois,46
14737,0.0,0.0,172.0,0.0,0.36529817871051745,1265.5940519672886,462.3192021705145,F,New Jersey,21
14738,0.0,0.0,50.0,0.0,0.6888986242522077,1265.5940519672886,871.8660012620422,M,Illinois,13
14739,2.0,121.0,282.0,219.6315,0.553263057597397,1013.8026250642353,560.8995401433062,F,New York,27
14741,1.0,117.0,348.0,527.6659999999999,0.2591050744551079,1164.6209762196777,301.75920475538004,M,California,32
14744,3.0,250.0,278.0,460.88533333333334,1.3671541903669135,1006.2383399941903,1375.6829630309041,F,California,31
14748,1.0,172.0,302.0,81.736,0.39140417914922954,1103.6029358455623,431.95480121131214,F,Illinois,31
14755,0.0,0.0,143.0,0.0,0.41073252803552757,1265.5940519672886,519.8206444312513,F,New Jersey,50
14761,0.0,0.0,144.0,0.0,0.40897532144749804,1265.5940519672886,517.5967342253634,F,California,17
14766,2.0,90.0,347.0,298.7265,0.26232936009922836,1032.8429271031937,270.94502414999477,M,New York,24
14769,2.0,86.0,188.0,1300.557,0.8429580334411844,1274.0105775468478,1073.9374510321584,F,Illinois,26
14770,1.0,1.0,94.0,1046.178,0.5644740569264494,1235.5706457876888,697.4475750470097,M,New York,39
14775,0.0,0.0,336.0,0.0,0.22535151396844785,1265.5940519672886,285.20353568029094,F,Illinois,25
14776,0.0,0.0,32.0,0.0,0.7954350797386387,1265.5940519672886,1006.697905643347,F,New York,42
14777,0.0,0.0,194.0,0.0,0.33708928695251295,1265.5940519672886,426.61819654899494,M,Illinois,40
14778,0.0,0.0,10.0,0.0,0.9845857133168252,1265.5940519672886,1246.085822425744,M,Illinois,26
14779,1.0,6.0,95.0,719.111,0.5994196264548292,1190.8170131300053,713.7990891864432,M,Illinois,17
14782,0.0,0.0,79.0,0.0,0.5678453695067283,1265.5940519672886,718.6617220848824,M,California,12
14784,0.0,0.0,96.0,0.0,0.5152115680375847,1265.5940519672886,652.0486960131072,F,New Jersey,25
14794,0.0,0.0,141.0,0.0,0.4142934131392338,1265.5940519672886,524.3272794382408,F,New York,31
14796,4.0,199.0,279.0,3173.7895,1.490296114203156,2006.0537423136834,2989.6140970527817,F,Illinois,3
14798,0.0,0.0,17.0,0.0,0.9148335832077332,1265.5940519672886,1157.8079414476288,F,California,37
14800,3.0,176.0,321.0,1838.3686666666665,0.793712534675082,1450.1979521805874,1151.0402924058674,M,Illinois,21
14805,0.0,0.0,39.0,0.0,0.7501578952929242,1265.5940519672886,949.3953703190249,M,New York,20
14810,2.0,316.0,319.0,1528.0149999999999,0.878877947455264,1328.7658594379586,1167.823011191463,M,California,21
14813,1.0,1.0,320.0,101.7,0.09039589515138602,1106.3346743651257,100.00811322625269,F,New York,32
14821,0.0,0.0,279.0,0.0,0.25985894125000913,1265.5940519672886,328.87593039652864,M,Illinois,41
14825,2.0,98.0,298.0,455.7565000000001,0.40473121075849894,1070.6442878614928,433.3231589178528,F,California,34
14828,0.0,0.0,151.0,0.0,0.39709006064605684,1265.5940519672886,502.55481884897944,F,New York,25
14829,3.0,135.0,337.0,107.04899999999999,0.4790820681857932,892.1977287412119,427.4359331160071,M,California,15
14841,0.0,0.0,201.0,0.0,0.32901572301135107,1265.5940519672886,416.4003420468829,F,California,50
14842,0.0,0.0,4.0,0.0,1.0540515050173196,1265.5940519672886,1334.0013152170884,F,New Jersey,14
14849,4.0,302.0,360.0,1090.7185,1.4064878251306665,1197.7350193968296,1684.5997225142835,F,New Jersey,45
14850,1.0,262.0,287.0,1172.71,0.5005653318046953,1252.8844275126626,627.1505091708117,F,California,21
14865,0.0,0.0,335.0,0.0,0.22587725874913112,1265.5940519672886,285.86891514757656,F,New Jersey,8
14866,0.0,0.0,268.0,0.0,0.2677824161167142,1265.5940519672886,338.9038330587429,F,Illinois,43
14867,1.0,154.0,300.0,796.5340000000001,0.373619928123271,1201.4110519699245,448.8711108835066,F,Illinois,50
14871,0.0,0.0,220.0,0.0,0.30895118058699655,1265.5940519672886,391.00677649917446,M,California,27
14878,0.0,0.0,199.0,0.0,0.3312822510803584,1265.5940519672886,419.26884648963545,M,New York,12
14889,0.0,0.0,147.0,0.0,0.4037942181965293,1265.5940519672886,511.03956076830895,M,Illinois,6
14895,0.0,0.0,92.0,0.0,0.526676694744987,1265.5940519672886,666.5588921790469,M,California,42
14896,1.0,1.0,262.0,658.5029999999999,0.1302765981409907,1182.523824981654,154.05518113928215,F,Washington DC,40
14898,3.0,216.0,326.0,353.52500000000003,0.9650016232748102,971.6363591226474,937.6306637861811,F,California,25
14901,4.0,126.0,347.0,480.8427500000001,0.3343650652071819,961.0777055664521,321.3508096908955,F,Illinois,4
14907,2.0,65.0,286.0,1015.397,0.2932158139763323,1205.3648663207348,353.4320404167072,M,Illinois,46
14911,25.0,344.0,354.0,1773.95508,9.556602474110248,1671.5272991672805,15974.121922764853,F,California,34
14913,0.0,0.0,205.0,0.0,0.32457549788294937,1265.5940519672886,410.780819534982,M,Washington DC,4
14916,0.0,0.0,98.0,0.0,0.5096684861923056,1265.5940519672886,645.0334046001542,F,Illinois,42
14932,0.0,0.0,262.0,0.0,0.27231319413749266,1265.5940519672886,344.63795877262424,M,New Jersey,35
14944,0.0,0.0,171.0,0.0,0.3666945996499198,1265.5940519672886,464.0865042054647,F,California,18
14952,1.0,31.0,277.0,284.631,0.1908682412309947,1131.3657131911236,215.94178386583974,F,New York,28
14961,1.0,69.0,221.0,543.48,0.3816946904286847,1166.784856852235,445.355584733091,M,Washington DC,34
14970,0.0,0.0,52.0,0.0,0.6788567316584658,1265.5940519672886,859.157041724908,F,New York,46
14976,0.0,0.0,114.0,0.0,0.46935672413222024,1265.5940519672886,594.0150783125895,M,New Jersey,17
14978,3.0,65.0,126.0,1188.1633333333332,1.6894957167893365,1240.6383149473284,2096.053119188251,M,Illinois,36
14985,1.0,1.0,191.0,856.7250000000001,0.22084297779909223,1209.647180663124,267.1420854639208,F,New York,4
14987,0.0,0.0,262.0,0.0,0.27231319413749266,1265.5940519672886,344.63795877262424,F,California,3
15002,2.0,121.0,285.0,1191.9795,0.5424339845698367,1247.8730417400961,676.8887462683625,M,Illinois,41
15005,5.0,251.0,269.0,1430.587,2.337660506889861,1338.547057959835,3129.06859400632,F,New York,30
15012,1.0,1.0,357.0,1459.173,0.07332012128493103,1292.082083870589,94.73561509947801,F,California,42
15018,0.0,0.0,286.0,0.0,0.2550581692735998,1265.5940519672886,322.80010193833374,F,California,22
15021,2.0,11.0,287.0,1533.065,0.08657372843370377,1329.9815307862962,115.14145986813443,F,Illinois,35
15023,2.0,206.0,310.0,2170.358,0.724346815673797,1483.3951625874718,1074.4925624061495,F,Illinois,40
15024,1.0,5.0,284.0,10.7,0.12218898080308167,1093.8828508187294,133.66043065950998,F,New York,9
15028,0.0,0.0,296.0,0.0,0.2485018879606839,1265.5940519672886,314.50251130568313,F,California,8
15032,1.0,1.0,271.0,12.971,0.12267883060051231,1094.1935990744862,134.23439118502378,F,California,4
15033,0.0,0.0,121.0,0.0,0.45369554210098495,1265.5940519672886,574.1943794870812,M,Illinois,10
15034,1.0,14.0,173.0,3343.275,0.31729429623022415,1549.889838237757,491.77120545802507,M,New York,2
15038,1.0,1.0,323.0,826.878,0.0888183674055678,1205.5631193731317,107.0761480670852,F,California,37
15039,7.0,275.0,301.0,3548.335,2.9436136341666916,2466.29939389765,7259.832521814171,F,Illinois,19
15044,3.0,98.0,235.0,1646.902,0.7600211393900793,1388.4886995000065,1055.2807634242445,F,California,31
15046,2.0,141.0,160.0,678.4425,1.362741224756119,1124.250820510175,1532.0629400751075,F,New Jersey,4
15048,0.0,0.0,299.0,0.0,0.24660069431387976,1265.5940519672886,312.09637193464977,M,California,17
15052,0.0,0.0,75.0,0.0,0.5818782481147224,1265.5940519672886,736.4216497831388,F,Illinois,33
15057,0.0,0.0,45.0,0.0,0.7154060940698469,1265.5940519672886,905.4136973959487,M,Illinois,12
15058,1.0,1.0,29.0,3069.594,1.3436696921248756,1512.4411841718088,2032.2213802931167,M,New Jersey,8
15059,1.0,59.0,145.0,8.691,0.6055286179830527,1093.6079528681282,662.2109123155132,F,Illinois,20
15061,9.0,274.0,339.0,673.5394444444444,2.902931332421966,917.5124277258604,2663.475574331945,M,California,7
15062,0.0,0.0,203.0,0.0,0.3267803534249047,1265.5940519672886,413.57127159432775,F,California,22
15070,0.0,0.0,346.0,0.0,0.2202263863632151,1265.5940519672886,278.71720466753504,F,Washington DC,39
15078,5.0,222.0,298.0,888.1254000000001,1.7809413877461828,1098.6931440357052,1956.7080926461656,F,New York,6
15079,1.0,223.0,264.0,3576.384,0.5173252862759917,1581.7868946671733,818.2983581113074,F,California,45
15081,0.0,0.0,280.0,0.0,0.25916199514160526,1265.5940519672886,327.99387954719094,M,Illinois,24
15090,1.0,1.0,6.0,91.41,1.978309152532266,1104.9266604718023,2185.886525288278,F,Illinois,17
15093,2.0,174.0,335.0,859.9594999999999,0.5597555878895805,1167.9468633094116,653.7647830955511,M,California,46
15100,5.0,241.0,364.0,136.4586,1.2543732482673562,766.3374087231483,961.2731446488441,M,California,49
15101,1.0,55.0,207.0,10.8,0.3778717440142492,1093.8965341413077,413.35259112711867,F,New York,40
15107,6.0,319.0,341.0,79.28883333333333,2.3379638722594125,687.2925398667824,1606.865127881949,F,New York,20
15110,0.0,0.0,72.0,0.0,0.5928804682391731,1265.5940519672886,750.3459941310783,F,New Jersey,8
15111,0.0,0.0,345.0,0.0,0.22072832252888186,1265.5940519672886,279.35245209327013,M,New Jersey,9
15139,0.0,0.0,150.0,0.0,0.39874480795883754,1265.5940519672886,504.64905720554356,M,New Jersey,16
15144,0.0,0.0,32.0,0.0,0.7954350797386387,1265.5940519672886,1006.697905643347,F,Illinois,35
15157,1.0,10.0,196.0,37.186,0.24818929977633325,1097.5070156368597,272.38949771052546,F,New Jersey,43
15159,2.0,182.0,225.0,2087.0215,1.0392278073901886,1463.3338169794097,1520.7371940994274,F,Illinois,29
15160,0.0,0.0,187.0,0.0,0.34557424653632274,1265.5940519672886,437.35671092944744,F,Illinois,30
15164,0.0,0.0,166.0,0.0,0.3738423347920414,1265.5940519672886,473.1326352863713,M,New York,28
15165,0.0,0.0,354.0,0.0,0.21629207047414203,1265.5940519672886,273.73795787976377,F,New Jersey,36
15167,1.0,1.0,85.0,331.03499999999997,0.6271961418365118,1137.715322200431,713.5706605923943,M,California,2
15171,1.0,28.0,128.0,53.986000000000004,0.5518783211303055,1099.8058138300405,606.9589861058721,F,New Jersey,48
15174,0.0,0.0,92.0,0.0,0.526676694744987,1265.5940519672886,666.5588921790469,M,Illinois,34
15179,2.0,167.0,243.0,1786.2575,0.8976940197757762,1390.9318016504342,1248.6311602575408,F,Illinois,19
15180,0.0,0.0,282.0,0.0,0.25777934488054866,1265.5940519672886,326.2440056008467,F,California,41
15181,1.0,38.0,259.0,21.991999999999997,0.23117647288918486,1095.4279716042888,253.23717477963365,F,New Jersey,20
15189,3.0,103.0,135.0,263.16333333333336,2.064739322199086,942.5130082122796,1946.0436697400437,F,Washington DC,11
15192,0.0,0.0,256.0,0.0,0.27700130466620326,1265.5940519672886,350.5712035727256,F,Illinois,37
15194,6.0,261.0,290.0,3086.3889999999997,2.579380745142256,2153.1973897362864,5553.915887576342,M,Illinois,33
15197,1.0,61.0,192.0,12.08,0.4366564454552207,1094.0716806703122,477.7334511547178,F,Illinois,45
15199,0.0,0.0,5.0,0.0,1.041757697992633,1265.5940519672886,1318.4423461706115,F,New Jersey,41
15203,0.0,0.0,24.0,0.0,0.8547403926590007,1265.5940519672886,1081.754356925416,M,California,19
15204,0.0,0.0,187.0,0.0,0.34557424653632274,1265.5940519672886,437.35671092944744,M,New Jersey,29
15208,0.0,0.0,172.0,0.0,0.36529817871051745,1265.5940519672886,462.3192021705145,M,Illinois,16
15211,0.0,0.0,255.0,0.0,0.27779853427062695,1265.5940519672886,351.58017261813643,M,California,40
15213,1.0,52.0,122.0,158.382,0.6986222344320938,1114.090655269047,778.3285029439771,M,Washington DC,41
15215,0.0,0.0,58.0,0.0,0.6504694600414415,1265.5940519672886,823.2302796148222,F,California,15
15218,1.0,1.0,73.0,1999.672,0.7264145754717242,1366.0403055739257,992.3115886507476,M,New York,11
15221,1.0,47.0,317.0,125.155,0.18208101399539073,1109.5440976759028,202.02691437742922,F,California,7
15222,0.0,0.0,75.0,0.0,0.5818782481147224,1265.5940519672886,736.4216497831388,F,California,26
15224,3.0,47.0,241.0,100.65066666666667,0.2555593568135664,890.1355610789491,227.48247146621927,F,Illinois,28
15226,0.0,0.0,19.0,0.0,0.8967741902569497,1265.5940519672886,1134.9520811469772,F,Illinois,37
15227,0.0,0.0,58.0,0.0,0.6504694600414415,1265.5940519672886,823.2302796148222,M,Washington DC,42
15235,5.0,337.0,349.0,1229.8026000000002,1.955106806250505,1249.7685634177183,2443.431024575897,F,New Jersey,23
15240,1.0,307.0,334.0,1357.047,0.44674083042226254,1278.1078538541135,570.9829640000024,M,New York,40
15246,0.0,0.0,201.0,0.0,0.32901572301135107,1265.5940519672886,416.4003420468829,F,California,2
15260,0.0,0.0,345.0,0.0,0.22072832252888186,1265.5940519672886,279.35245209327013,F,Illinois,45
15262,0.0,0.0,95.0,0.0,0.5180296678267433,1265.5940519672886,655.6152663441167,F,California,40
15266,0.0,0.0,161.0,0.0,0.38127852561321113,1265.5940519672886,482.5438341589375,F,Illinois,22
15270,0.0,0.0,18.0,0.0,0.9057090875275602,1265.5940519672886,1146.2600339876005,F,Illinois,36
15271,1.0,100.0,258.0,876.544,0.36856850506933103,1212.3590783649483,446.83737312020094,F,Illinois,37
15279,1.0,78.0,256.0,1634.5140000000001,0.3289355871121333,1316.074558512882,432.90375758777645,M,California,10
15281,1.0,50.0,137.0,402.177,0.609225782411892,1147.4499115491972,699.0560701420159,F,California,36
15288,0.0,0.0,258.0,0.0,0.27542061291877135,1265.5940519672886,348.570689499182,M,California,50
15290,2.0,85.0,203.0,97.674,0.7383661446393261,984.4441620018889,726.880240510027,F,New York,3
15291,5.0,286.0,364.0,165.326,1.6080903494844139,779.1013700336142,1252.8653944211403,M,California,32
15296,1.0,1.0,113.0,4363.286,0.45740252348708915,1689.4612337035064,772.7638316295947,M,California,40
15298,3.0,167.0,269.0,291.69533333333334,1.0647341178558367,951.708804160133,1013.3168340530725,F,Illinois,2
15299,0.0,0.0,336.0,0.0,0.22535151396844785,1265.5940519672886,285.20353568029094,M,Illinois,25
15301,0.0,0.0,299.0,0.0,0.24660069431387976,1265.5940519672886,312.09637193464977,F,New Jersey,19
15304,0.0,0.0,300.0,0.0,0.24597345735554368,1265.5940519672886,311.30254457100557,M,California,12
15311,23.0,351.0,363.0,2773.2003913043477,8.589800424252276,2448.7095422108637,21033.926264553473,F,Illinois,40
15312,1.0,1.0,178.0,574.62,0.24622644105121994,1171.0458435031665,288.3424503536085,F,Illinois,47
15316,0.0,0.0,113.0,0.0,0.47168459694235265,1265.5940519672886,596.9612202948294,F,California,28
15326,0.0,0.0,139.0,0.0,0.4179176585819986,1265.5940519672886,528.9141029134735,M,Illinois,45
15329,0.0,0.0,256.0,0.0,0.27700130466620326,1265.5940519672886,350.5712035727256,F,California,48
15332,1.0,50.0,319.0,140.6,0.18571817473311414,1111.6574868481455,206.45499938583842,F,California,30
15339,0.0,0.0,69.0,0.0,0.6043197447257493,1265.5940519672886,764.8234744112985,F,Illinois,47
15346,0.0,0.0,136.0,0.0,0.4234766324440455,1265.5940519672886,535.9495071683217,F,California,15
15347,0.0,0.0,268.0,0.0,0.2677824161167142,1265.5940519672886,338.9038330587429,M,California,48
15350,0.0,0.0,355.0,0.0,0.21581019909795043,1265.5940519672886,273.1281043322424,M,California,48
15351,1.0,3.0,323.0,17098.842,0.09263227626138203,3432.1084433435963,317.92401748282583,F,Washington DC,29
15353,0.0,0.0,286.0,0.0,0.2550581692735998,1265.5940519672886,322.80010193833374,F,California,46
15356,3.0,71.0,292.0,2387.2000000000003,0.2540990643516476,1627.0849895814586,413.4407734732589,F,California,32
15358,5.0,236.0,264.0,1516.0792,2.3099494758690096,1376.3481461474312,3179.2946788065415,F,New Jersey,35
15361,0.0,0.0,233.0,0.0,0.2965894600039522,1265.5940519672886,375.36185645719195,M,New York,2
15363,0.0,0.0,343.0,0.0,0.22173913161076922,1265.5940519672886,280.6317260549813,M,New York,32
15365,0.0,0.0,41.0,0.0,0.738189881223311,1265.5940519672886,934.2487228986616,M,Illinois,30
15366,0.0,0.0,194.0,0.0,0.33708928695251295,1265.5940519672886,426.61819654899494,M,California,37
15370,0.0,0.0,136.0,0.0,0.4234766324440455,1265.5940519672886,535.9495071683217,F,New York,38
15373,3.0,265.0,327.0,317.883,1.134504454593888,960.1490270332954,1089.293348243261,M,Washington DC,24
15379,5.0,104.0,198.0,932.4286,1.457628270168614,1118.2821728616416,1630.0397091887137,F,California,10
15380,0.0,0.0,256.0,0.0,0.27700130466620326,1265.5940519672886,350.5712035727256,M,California,9
15384,1.0,126.0,335.0,1323.9560000000001,0.28657020715119336,1273.5799055796763,364.9700573655651,M,California,30
15392,2.0,20.0,213.0,239.0255,0.2392738263524388,1018.4712844958499,243.69352127140527,M,California,50
15394,0.0,0.0,198.0,0.0,0.33242740595686604,1265.5940519672886,420.7181476899249,F,New Jersey,38
15395,0.0,0.0,107.0,0.0,0.4861626467316356,1265.5940519672886,615.2845539922322,M,Illinois,4
15415,1.0,1.0,37.0,247.15200000000002,1.1889135363521381,1126.2373407219436,1338.9988195295539,M,Illinois,27
15421,0.0,0.0,18.0,0.0,0.9057090875275602,1265.5940519672886,1146.2600339876005,F,California,49
15422,1.0,2.0,94.0,29.543,0.5729920199040363,1096.4611992921882,628.263517328833,M,California,6
15426,2.0,19.0,310.0,370.11199999999997,0.08997363198323806,1050.0273443381905,94.47477385182114,F,Illinois,17
15443,0.0,0.0,84.0,0.0,0.5512522511673392,1265.5940519672886,697.6615702109623,M,Illinois,27
15447,0.0,0.0,126.0,0.0,0.44314563149171515,1265.5940519672886,560.8424753712027,F,California,34
15448,0.0,0.0,34.0,0.0,0.7819264327287785,1265.5940519672886,989.6014423375423,M,New York,24
15454,0.0,0.0,235.0,0.0,0.29477576639406533,1265.5940519672886,373.06645661242806,M,Illinois,39
15456,0.0,0.0,203.0,0.0,0.3267803534249047,1265.5940519672886,413.57127159432775,M,California,28
15460,1.0,1.0,174.0,4679.527,0.25483479205873893,1732.733509858846,441.5607836780879,F,New York,4
15464,1.0,1.0,160.0,10921.548999999999,0.2884101144249054,2586.8495155371256,746.0735647760735,F,Illinois,40
15465,3.0,237.0,324.0,278.70633333333336,1.0591527251290775,947.5224802583151,1003.571017086657,F,Illinois,14
15468,0.0,0.0,222.0,0.0,0.3069820359647164,1265.5940519672886,388.51463877775336,F,Illinois,23
15482,0.0,0.0,201.0,0.0,0.32901572301135107,1265.5940519672886,416.4003420468829,F,New York,18
15485,1.0,210.0,356.0,949.8,0.3475995374097438,1222.382933153023,424.89974210155657,M,New York,25
15497,1.0,46.0,80.0,24.64,0.9907558057272055,1095.7903059861662,1085.6606075153852,F,New Jersey,2
15498,6.0,207.0,285.0,1630.853,2.0533891711257217,1443.6509285936859,2964.377183659867,F,New York,14
15502,1.0,15.0,305.0,1631.006,0.12842036848441912,1315.5945475568299,168.94913657334075,F,New York,27
15503,0.0,0.0,242.0,0.0,0.28860046153472807,1265.5940519672886,365.2510275133661,F,New York,45
15510,0.0,0.0,125.0,0.0,0.44521542992818475,1265.5940519672886,563.4619999611698,F,New Jersey,15
15512,0.0,0.0,208.0,0.0,0.3213240623451797,1265.5940519672886,406.66582205802564,F,California,42
15513,4.0,309.0,362.0,845.7615,1.4183636451939066,1102.6814521350589,1564.0032839379924,F,Illinois,21
15514,2.0,25.0,245.0,2991.263,0.1945671126928442,1681.0091602521943,327.0690987204921,M,Illinois,22
15518,1.0,65.0,134.0,1841.437,0.682145024884725,1344.3885000919036,917.0679268499296,F,New Jersey,7
15525,0.0,0.0,356.0,0.0,0.21533048221458284,1265.5940519672886,272.5209774980241,M,New York,48
15527,1.0,132.0,175.0,1785.2,0.6648492473506458,1336.6934099734565,888.6996075594208,F,New York,21
15529,3.0,181.0,276.0,1973.2190000000003,1.0979277409363735,1493.659894870667,1639.9306341026124,M,California,16
15532,1.0,1.0,194.0,4562.3,0.21549695569318347,1716.6929612997976,369.94210702002243,F,California,23
15535,2.0,139.0,256.0,1496.5315,0.7337045043199959,1321.1869309438246,969.3608022821954,F,Illinois,24
15544,0.0,0.0,343.0,0.0,0.22173913161076922,1265.5940519672886,280.6317260549813,M,Illinois,22
15545,0.0,0.0,324.0,0.0,0.2318277014133815,1265.5940519672886,293.3997599900242,F,California,39
15547,3.0,195.0,237.0,2239.946,1.4641483135904196,1579.6253745350123,2312.805828230073,M,New York,40
15549,2.0,9.0,48.0,3145.458,1.852164974972012,1718.1280599664265,3182.2566151864276,F,Illinois,5
15555,2.0,76.0,306.0,2128.578,0.2936469396376656,1473.3375885412274,432.6410739282696,F,Illinois,34
15562,0.0,0.0,170.0,0.0,0.36810188864724247,1265.5940519672886,465.86756078987526,F,New York,26
15563,0.0,0.0,200.0,0.0,0.33014505124553795,1265.5940519672886,417.8296131427885,F,Illinois,41
15569,0.0,0.0,134.0,0.0,0.4272669956124613,1265.5940519672886,540.7465682490646,M,California,32
15570,6.0,193.0,314.0,1924.0251666666666,1.3180266129567222,1586.5668532866111,2091.137335866757,F,New Jersey,34
15574,2.0,140.0,338.0,660.1375,0.4484081066691429,1119.8443127812016,502.14726805842605,F,New York,5
15579,1.0,1.0,39.0,1030.892,1.1540524867335584,1233.4790130983458,1423.4995223998014,F,California,21
15581,2.0,96.0,269.0,1089.6675,0.48923416921567786,1223.2437809497817,598.4526549212111,F,California,18
15587,0.0,0.0,170.0,0.0,0.36810188864724247,1265.5940519672886,465.86756078987526,M,Illinois,6
15589,0.0,0.0,20.0,0.0,0.8880228293039318,1265.5940519672886,1123.876410778219,F,California,11
15596,2.0,202.0,255.0,968.937,0.937670368246105,1194.1806899160315,1119.747847265953,F,California,39
15601,4.0,300.0,347.0,2809.68775,1.48014640460941,1864.7670259358974,2760.128208873201,F,Illinois,46
15602,5.0,258.0,288.0,214.1678,2.1675217751820473,800.6971786458728,1735.528570041759,F,New Jersey,10
15605,0.0,0.0,355.0,0.0,0.21581019909795043,1265.5940519672886,273.1281043322424,F,California,21
15606,0.0,0.0,100.0,0.0,0.5042461171780774,1265.5940519672886,638.1708866281753,F,Washington DC,15
15607,0.0,0.0,150.0,0.0,0.39874480795883754,1265.5940519672886,504.64905720554356,F,Illinois,40
15611,0.0,0.0,145.0,0.0,0.40723333340133483,1265.5940519672886,515.3920845155411,F,New York,4
15615,1.0,79.0,202.0,2063.318,0.4568916122397103,1374.7491930622107,628.1113752434342,M,Washington DC,19
15620,0.0,0.0,195.0,0.0,0.33591145328914745,1265.5940519672886,425.1275372704327,M,Illinois,48
15626,0.0,0.0,123.0,0.0,0.44941471355697454,1265.5940519672886,568.7765883442897,F,New Jersey,8
15628,0.0,0.0,279.0,0.0,0.25985894125000913,1265.5940519672886,328.87593039652864,F,California,4
15640,5.0,203.0,339.0,1833.5561999999998,1.0981595731932985,1516.7232455662488,1665.6041520033862,F,California,30
15641,0.0,0.0,205.0,0.0,0.32457549788294937,1265.5940519672886,410.780819534982,F,Illinois,6
15646,0.0,0.0,336.0,0.0,0.22535151396844785,1265.5940519672886,285.20353568029094,M,California,10
15649,1.0,138.0,287.0,9.18,0.375107052000017,1093.6748643155368,410.24515419991957,M,California,22
15658,3.0,334.0,347.0,513.1183333333333,1.1937878086879066,1023.0729120446679,1221.3319697977595,M,Illinois,24
15660,0.0,0.0,264.0,0.0,0.2707858519069946,1265.5940519672886,342.70496353038743,M,New Jersey,13
15661,1.0,103.0,163.0,740.8,0.6540960536567821,1193.784788964047,780.8499193768777,F,California,24
15664,0.0,0.0,202.0,0.0,0.32789418410972976,1265.5940519672886,414.980929083941,M,New York,10
15673,0.0,0.0,115.0,0.0,0.46705218354020206,1265.5940519672886,591.0984654468141,M,New York,24
15680,0.0,0.0,269.0,0.0,0.26704202405672317,1265.5940519672886,337.96679727149444,M,California,32
15687,1.0,100.0,124.0,2197.068,0.8477179802831469,1393.0506370108974,1180.9140724390293,M,New York,20
15689,0.0,0.0,233.0,0.0,0.2965894600039522,1265.5940519672886,375.36185645719195,M,California,16
15694,4.0,324.0,349.0,424.683,1.5400218500893277,939.2853723241718,1446.519996848514,F,New York,41
15696,4.0,74.0,114.0,487.04325,2.687198646796081,963.483759052601,2589.072253536151,M,Illinois,12
15708,3.0,288.0,324.0,2591.4366666666665,1.2091164186163812,1692.9099829831275,2046.925255664478,F,Illinois,49
15713,1.0,47.0,268.0,59.6,0.24012975179831347,1100.573995559595,264.2805603894037,M,California,3
15716,1.0,1.0,318.0,1870.362,0.09146907847859467,1348.3464011477224,123.33200278291172,F,Illinois,2
15719,2.0,144.0,157.0,5159.5415,1.4008678348885641,2202.972338007803,3086.0730894643893,F,Illinois,16
15723,0.0,0.0,249.0,0.0,0.28268086762009464,1265.5940519672886,357.75922466494427,F,Washington DC,4
15727,1.0,75.0,203.0,2822.464,0.44377465184980175,1478.625589083667,656.1765560118123,F,Illinois,40
15732,0.0,0.0,340.0,0.0,0.22327292976924434,1265.5940519672886,282.5728918812658,F,Illinois,21
15738,3.0,310.0,343.0,528.2199999999999,1.167156104665583,1027.9401434038143,1199.7666136045766,M,New Jersey,16
15749,0.0,0.0,134.0,0.0,0.4272669956124613,1265.5940519672886,540.7465682490646,F,Illinois,44
15750,2.0,21.0,278.0,48.885000000000005,0.12719999151497882,972.6993324149524,123.72734682980752,F,California,7
15752,0.0,0.0,348.0,0.0,0.2192293713845858,1265.5940519672886,277.4553884408595,F,New York,27
15759,0.0,0.0,194.0,0.0,0.33708928695251295,1265.5940519672886,426.61819654899494,M,Washington DC,26
15769,2.0,179.0,326.0,353.7395,0.6011765113081454,1046.0860415360812,628.882356978809,F,Illinois,25
15777,2.0,160.0,224.0,15.642,0.976487460369227,964.6968447648974,942.014371970681,F,Illinois,24
15780,0.0,0.0,188.0,0.0,0.3443357214909875,1265.5940519672886,435.78924099885865,M,California,19
15781,0.0,0.0,0.0,0.0,1.1064879658914122,1265.5940519672886,1400.3645882055553,M,New Jersey,19
15789,0.0,0.0,195.0,0.0,0.33591145328914745,1265.5940519672886,425.1275372704327,F,Illinois,28
15797,0.0,0.0,75.0,0.0,0.5818782481147224,1265.5940519672886,736.4216497831388,F,California,27
15799,0.0,0.0,142.0,0.0,0.4125051563220114,1265.5940519672886,522.0640722469742,M,New Jersey,31
15805,0.0,0.0,253.0,0.0,0.27940696354906475,1265.5940519672886,353.61579114593735,M,Illinois,33
15808,6.0,311.0,312.0,1884.6543333333332,2.588738117688865,1567.3743115261177,4057.521624934003,F,California,6
15811,1.0,70.0,256.0,326.852,0.31171455152990746,1137.142948816974,354.46400431587955,F,Illinois,27
15812,0.0,0.0,63.0,0.0,0.6286207519966811,1265.5940519672886,795.5786846702036,F,Illinois,32
15820,1.0,1.0,79.0,759.6,0.6743444303310636,1196.357253608797,806.75685065726,F,New Jersey,8
15822,0.0,0.0,206.0,0.0,0.323484316375613,1265.5940519672886,409.3998267096803,F,Illinois,4
15823,1.0,183.0,339.0,626.631,0.34597101075598896,1178.162676409448,407.6101319923579,M,New York,27
15827,4.0,309.0,343.0,623.5205,1.534013194702721,1016.4426435203912,1559.2364268187944,F,Illinois,3
15831,1.0,1.0,99.0,776.38,0.5332596326778153,1198.6533151374622,639.1934265382487,F,California,39
15834,0.0,0.0,336.0,0.0,0.22535151396844785,1265.5940519672886,285.20353568029094,M,Illinois,12
15835,0.0,0.0,127.0,0.0,0.441095347551361,1265.5940519672886,558.2476482114464,F,New York,46
15838,2.0,319.0,340.0,157.739,0.8175874911970273,998.903429237113,816.6909486580785,F,Illinois,9
15841,0.0,0.0,164.0,0.0,0.3767812182443531,1265.5940519672886,476.85206870304216,M,New York,6
15845,0.0,0.0,152.0,0.0,0.39544920607414835,1265.5940519672886,500.4781630626287,M,Illinois,22
15854,2.0,208.0,231.0,527.5685000000001,1.0716928213703358,1087.931375161849,1165.9282449045113,M,New York,44
15856,2.0,90.0,259.0,975.4335,0.49666016009958297,1195.7445728693924,593.8786909995199,M,Illinois,4
15858,0.0,0.0,283.0,0.0,0.2570935800296123,1265.5940519672886,325.3761056844534,F,California,18
15860,0.0,0.0,300.0,0.0,0.24597345735554368,1265.5940519672886,311.30254457100557,F,New York,46
15862,0.0,0.0,362.0,0.0,0.21249662278988068,1265.5940519672886,268.9344618660096,F,California,24
15864,1.0,19.0,46.0,508.26800000000003,1.2304478055312436,1161.9666853059084,1429.739358035068,F,California,17
15867,5.0,250.0,308.0,1683.8558,1.902872880277703,1450.5319670388699,2760.1779420541366,M,New York,11
15880,1.0,2.0,313.0,101.7,0.09623967685594197,1106.3346743651257,106.47329155542347,F,New York,33
15881,3.0,218.0,245.0,1034.8383333333334,1.4923765408843928,1191.2220309958134,1777.7518140428128,M,New York,34
15882,1.0,1.0,294.0,1292.143,0.105833764266882,1269.2268301677916,134.32705314517992,F,New York,45
15885,0.0,0.0,12.0,0.0,0.9635325942558464,1265.5940519672886,1219.44112016681,F,California,39
15889,0.0,0.0,306.0,0.0,0.2422764940723704,1265.5940519672886,306.62368982948004,F,California,21
15894,1.0,1.0,309.0,1942.7240000000002,0.09652180970215751,1358.2479270319457,131.1005479413274,M,Illinois,44
15898,1.0,17.0,301.0,354.62600000000003,0.13581240403513353,1140.9433548299148,154.9542598873611,M,Illinois,27
15899,0.0,0.0,302.0,0.0,0.24472857490215535,1265.5940519672886,309.72702874259886,F,Washington DC,24
15910,0.0,0.0,53.0,0.0,0.6739486113198698,1265.5940519672886,852.9453538180413,F,California,8
15916,3.0,148.0,272.0,1188.892,0.9157657808934007,1240.8731624862555,1136.3491806338893,F,Illinois,37
15919,0.0,0.0,300.0,0.0,0.24597345735554368,1265.5940519672886,311.30254457100557,F,Washington DC,24
15922,1.0,12.0,355.0,116.993,0.0920812000035834,1108.4272648870492,102.0653126674893,M,Illinois,29
15923,0.0,0.0,344.0,0.0,0.22123256560238505,1265.5940519672886,279.9906191278415,F,Illinois,34
15938,0.0,0.0,96.0,0.0,0.5152115680375847,1265.5940519672886,652.0486960131072,F,Illinois,34
15939,3.0,106.0,130.0,186.70000000000002,2.1849993314131395,917.8690571809452,2005.543276265174,F,California,11
15940,0.0,0.0,21.0,0.0,0.8794492048459371,1265.5940519672886,1113.0256826603795,F,California,32
15945,0.0,0.0,259.0,0.0,0.27463707114833485,1265.5940519672886,347.5790436950496,F,New York,13
15950,0.0,0.0,208.0,0.0,0.3213240623451797,1265.5940519672886,406.66582205802564,M,Illinois,44
15953,1.0,174.0,305.0,219.184,0.38856319067344175,1122.4103890632005,436.1273620194163,M,New Jersey,23
15955,0.0,0.0,346.0,0.0,0.2202263863632151,1265.5940519672886,278.71720466753504,F,California,49
15965,0.0,0.0,284.0,0.0,0.25641148211427556,1265.5940519672886,324.51284661994396,F,Illinois,26
15967,0.0,0.0,72.0,0.0,0.5928804682391731,1265.5940519672886,750.3459941310783,F,New York,12
15971,0.0,0.0,21.0,0.0,0.8794492048459371,1265.5940519672886,1113.0256826603795,F,Illinois,39
15973,1.0,112.0,277.0,181.505,0.35376290961478746,1117.2546499488635,395.2432557465608,M,Illinois,9
15981,0.0,0.0,23.0,0.0,0.8628131926702175,1265.5940519672886,1091.9712446023334,F,California,13
15983,3.0,141.0,360.0,847.8956666666667,0.4275312792402063,1130.9708527883886,483.5254154760068,M,New York,25
15984,1.0,131.0,293.0,143.811,0.3549645366730454,1112.0968583361398,394.75494605483726,F,California,25
15987,0.0,0.0,302.0,0.0,0.24472857490215535,1265.5940519672886,309.72702874259886,F,California,32
15996,1.0,1.0,267.0,933.893,0.12597838692645222,1220.206327030468,153.71962479674937,F,Illinois,26
15998,0.0,0.0,236.0,0.0,0.2938772927910035,1265.5940519672886,371.92935376454335,F,New York,16
16003,0.0,0.0,207.0,0.0,0.32240052974624817,1265.5940519672886,408.02819279795455,F,California,10
16010,0.0,0.0,238.0,0.0,0.29209683370165196,1265.5940519672886,369.67601533128897,M,California,5
16011,2.0,243.0,265.0,1365.3255,0.9777592888980692,1289.6021042250231,1260.9204363885124,M,New Jersey,10
16013,4.0,179.0,330.0,61.0695,0.8660591362913278,798.1881173792721,691.2781115354933,M,New York,31
16016,2.0,6.0,275.0,1514.6095,0.08193488625572544,1325.5387936438724,108.6078702847622,M,California,19
16019,2.0,206.0,247.0,336.98,0.9854803956218748,1042.051577385099,1026.9214007398662,F,California,34
16029,8.0,358.0,363.0,430.2645,3.0479607148479455,798.5435459014737,2433.929357003069,F,Washington DC,40
16030,0.0,0.0,15.0,0.0,0.9336770224422474,1265.5940519672886,1181.6560860614368,F,New York,50
16033,3.0,216.0,324.0,1817.234333333333,0.9757547615197246,1443.3864066588135,1408.3911590101827,F,Illinois,48
16034,0.0,0.0,135.0,0.0,0.4253632206941269,1265.5940519672886,538.3371620361361,F,New York,26
16037,0.0,0.0,201.0,0.0,0.32901572301135107,1265.5940519672886,416.4003420468829,F,California,15
16042,2.0,209.0,343.0,130.89,0.6253264873526355,992.4401500229528,620.5991129215757,F,Illinois,16
16043,0.0,0.0,64.0,0.0,0.6244314647341533,1265.5940519672886,790.2767476287662,F,California,19
16048,0.0,0.0,352.0,0.0,0.2172623353303545,1265.5940519672886,274.96591931061914,M,New Jersey,12
16059,1.0,170.0,286.0,1003.201,0.41763946049014367,1229.6899642431451,513.5670532366512,M,Illinois,44
16062,0.0,0.0,248.0,0.0,0.2835114767213743,1265.5940519672886,358.8104386030337,F,New York,20
16065,1.0,1.0,261.0,998.9639999999999,0.13116032272714162,1229.1102018654958,161.2104907439006,F,New York,41
16081,0.0,0.0,277.0,0.0,0.2612642296824703,1265.5940519672886,330.65445507794993,M,New York,14
16083,0.0,0.0,221.0,0.0,0.3079634275857013,1265.5940519672886,389.7566821759223,M,California,21
16085,0.0,0.0,86.0,0.0,0.5448902910160645,1265.5940519672886,689.609911284656,M,California,15
16086,0.0,0.0,284.0,0.0,0.25641148211427556,1265.5940519672886,324.51284661994396,F,New York,47
16094,0.0,0.0,152.0,0.0,0.39544920607414835,1265.5940519672886,500.4781630626287,F,Illinois,16
16098,0.0,0.0,363.0,0.0,0.21203158879427583,1265.5940519672886,268.3459176072095,M,Illinois,49
16109,1.0,1.0,8.0,522.588,1.9082282572859497,1163.9261370991435,2221.036744206266,F,New York,50
16110,1.0,1.0,23.0,5196.898,1.4783606067261652,1803.527052716237,2666.2633479006286,M,Illinois,29
16112,1.0,27.0,164.0,308.6,0.4013641535356006,1134.645468779954,455.406018139871,F,Illinois,16
16122,1.0,141.0,277.0,528.8599999999999,0.39760518885612167,1164.7843550912644,463.12430348271806,M,California,43
16124,1.0,12.0,59.0,361.03200000000004,0.9835556262041795,1141.8199084742907,1123.04339509183,F,New York,34
16125,0.0,0.0,280.0,0.0,0.25916199514160526,1265.5940519672886,327.99387954719094,M,California,22
16133,1.0,19.0,65.0,71.848,0.9731881221407372,1102.2499289090044,1072.696538444715,F,New Jersey,22
16134,2.0,33.0,206.0,476.92150000000004,0.34932922880893225,1075.7392748095242,375.7871712686911,F,New York,5
16138,0.0,0.0,290.0,0.0,0.2523942684163188,1265.5940519672886,319.4286848583283,F,California,20
16140,0.0,0.0,327.0,0.0,0.23017378568297875,1265.5940519672886,291.30657407917136,F,California,34
16143,2.0,128.0,305.0,445.1265,0.5024809396149922,1068.0853598549925,536.6925352089537,F,California,9
16145,3.0,77.0,212.0,444.8686666666667,0.7142013607790647,1001.0762063045977,714.9699887862873,F,California,9
16150,1.0,182.0,334.0,204.51000000000002,0.3520457001167403,1120.4024983080376,394.43288192939804,F,Washington DC,34
16153,0.0,0.0,179.0,0.0,0.35581712472010896,1265.5940519672886,450.3200366338728,M,Illinois,29
16156,0.0,0.0,19.0,0.0,0.8967741902569497,1265.5940519672886,1134.9520811469772,F,New York,24
16161,6.0,281.0,302.0,1454.2169999999999,2.5576332115253586,1357.5441962899952,3472.100122544792,M,New York,10
16163,0.0,0.0,255.0,0.0,0.27779853427062695,1265.5940519672886,351.58017261813643,F,Illinois,22
16168,1.0,245.0,321.0,154.164,0.4270172563682886,1113.5134927226875,475.4894765915123,M,Washington DC,24
16186,0.0,0.0,340.0,0.0,0.22327292976924434,1265.5940519672886,282.5728918812658,F,New York,18
16191,8.0,191.0,219.0,162.309125,4.072367652051847,648.7240007865346,2641.84263591274,M,Illinois,19
16202,0.0,0.0,223.0,0.0,0.306006943913002,1265.5940519672886,387.280568076983,F,New York,44
16203,1.0,204.0,339.0,23.68,0.3657102178011875,1095.6589460894131,400.69367181017884,M,California,9
16206,0.0,0.0,117.0,0.0,0.4625116868282216,1265.5940519672886,585.3520398151545,F,California,28
16210,5.0,343.0,359.0,447.8714,1.9018159729193977,904.0311716108297,1719.3009221865132,M,New York,49
16218,1.0,1.0,362.0,279.45799999999997,0.0713624773827411,1130.65787491414,80.68654702617842,M,Illinois,40
16221,0.0,0.0,285.0,0.0,0.25573302160078015,1265.5940519672886,323.6541910295695,F,California,9
16222,1.0,1.0,67.0,863.0029999999999,0.784071881608534,1210.5062196545994,949.1238893434152,F,New York,45
16233,3.0,149.0,272.0,193.65733333333333,0.9228939855224161,920.1113892177647,849.1652671197498,F,New York,23
16235,1.0,14.0,132.0,133.793,0.4557079865064668,1110.72606308023,506.1667377665465,M,California,34
16241,2.0,157.0,322.0,2856.5635,0.5485662654601562,1648.583353760043,904.3572136719264,M,New York,34
16244,1.0,1.0,346.0,3953.139,0.07789544489971681,1633.3394966476405,127.22970676364747,F,New York,36
16250,0.0,0.0,363.0,0.0,0.21203158879427583,1265.5940519672886,268.3459176072095,F,California,30
16252,1.0,1.0,266.0,118.668,0.1268222841231166,1108.6564605402382,140.6023446335629,F,Illinois,37
16255,1.0,90.0,257.0,2698.554,0.3514577395316596,1461.6705840767004,513.7154394195177,M,Illinois,7
16262,0.0,0.0,221.0,0.0,0.3079634275857013,1265.5940519672886,389.7566821759223,M,California,11
16265,0.0,0.0,251.0,0.0,0.2810342953693803,1265.5940519672886,355.6753326183058,M,California,38
16270,0.0,0.0,172.0,0.0,0.36529817871051745,1265.5940519672886,462.3192021705145,F,Illinois,37
16271,0.0,0.0,194.0,0.0,0.33708928695251295,1265.5940519672886,426.61819654899494,M,New York,24
16274,0.0,0.0,352.0,0.0,0.2172623353303545,1265.5940519672886,274.96591931061914,F,California,43
16279,0.0,0.0,140.0,0.0,0.41609750907953374,1265.5940519672886,526.6105325294627,F,Illinois,40
16282,0.0,0.0,167.0,0.0,0.37239026351980814,1265.5940519672886,471.29490252120036,F,California,20
16293,0.0,0.0,282.0,0.0,0.25777934488054866,1265.5940519672886,326.2440056008467,M,Illinois,13
16303,0.0,0.0,138.0,0.0,0.41975408002160547,1265.5940519672886,531.2382669643451,F,Illinois,12
16306,1.0,130.0,282.0,313.024,0.3726474093827369,1135.250818970825,423.0482766891084,M,New York,13
16315,0.0,0.0,126.0,0.0,0.44314563149171515,1265.5940519672886,560.8424753712027,M,California,35
16316,1.0,33.0,195.0,28.281,0.3369562516599478,1096.288515761248,369.4012690087577,F,Illinois,44
16321,0.0,0.0,95.0,0.0,0.5180296678267433,1265.5940519672886,655.6152663441167,M,New York,18
16326,2.0,106.0,145.0,696.1659999999999,1.3407081366079296,1128.5173454888395,1513.0123874000692,M,Washington DC,6
16327,2.0,271.0,315.0,1937.0900000000001,0.8327278114277719,1427.2412568282737,1188.5034881780307,M,California,44
16333,0.0,0.0,15.0,0.0,0.9336770224422474,1265.5940519672886,1181.6560860614368,F,New York,41
16350,1.0,117.0,257.0,851.98,0.40058452323792443,1208.997907006776,484.3058501739578,F,Illinois,31
16351,0.0,0.0,136.0,0.0,0.4234766324440455,1265.5940519672886,535.9495071683217,F,New York,20
16353,6.0,308.0,319.0,117.47833333333334,2.506122678949894,705.9092038158743,1769.0950649624258,M,Washington DC,6
16359,1.0,13.0,131.0,11.82,0.45415038942936714,1094.0361040316081,496.85692269574247,F,New York,49
16365,1.0,74.0,279.0,49.113,0.2818530899468832,1099.1390255207923,309.7957306242414,F,California,49
16367,0.0,0.0,239.0,0.0,0.29121474682082704,1265.5940519672886,368.5596514215986,M,California,20
16378,0.0,0.0,19.0,0.0,0.8967741902569497,1265.5940519672886,1134.9520811469772,F,Illinois,4
16385,1.0,1.0,272.0,863.073,0.12187251625392029,1210.5157979804044,147.52860626499412,M,California,19
16387,0.0,0.0,90.0,0.0,0.5326076543244764,1265.5940519672886,674.0650793453071,F,California,20
16393,3.0,72.0,311.0,294.85599999999994,0.21163836155361007,952.7274795325516,201.63368277536978,F,Illinois,20
16395,1.0,29.0,125.0,2816.9030000000002,0.5724210907741272,1477.864659515079,845.9609004161556,M,Washington DC,18
16401,0.0,0.0,117.0,0.0,0.4625116868282216,1265.5940519672886,585.3520398151545,M,Illinois,40
16402,1.0,1.0,311.0,3990.962,0.09536638972769194,1638.5149397464907,156.2592543185095,M,Illinois,31
16403,0.0,0.0,31.0,0.0,0.8023740059777453,1265.5940519672886,1015.4797694186001,F,California,26
16405,0.0,0.0,16.0,0.0,0.9241540169637026,1265.5940519672886,1169.6038269709386,F,California,20
16407,0.0,0.0,31.0,0.0,0.8023740059777453,1265.5940519672886,1015.4797694186001,M,California,48
16409,1.0,1.0,59.0,1036.572,0.8710039553611566,1234.2562258208022,1075.0420546190517,F,Illinois,45
16411,0.0,0.0,311.0,0.0,0.2392801026326916,1265.5940519672886,302.83147464605685,F,Illinois,40
16419,0.0,0.0,25.0,0.0,0.8468244803798237,1265.5940519672886,1071.7360254289947,F,California,50
16422,8.0,281.0,305.0,369.22812500000003,3.339627440432581,764.4168114108339,2552.8673593155986,F,California,35
16424,0.0,0.0,156.0,0.0,0.38902122940200307,1265.5940519672886,492.34295402017716,M,New Jersey,29
16442,1.0,1.0,223.0,422.62800000000004,0.17187680140385742,1150.2482878497174,197.7009965358729,F,New York,46
16455,1.0,101.0,325.0,421.808,0.2643915852255492,1150.136084604574,304.0863026337097,F,Illinois,23
16456,1.0,351.0,354.0,5244.088,0.4392560157706706,1809.9842126410108,795.0464538525047,M,California,47
16458,0.0,0.0,221.0,0.0,0.3079634275857013,1265.5940519672886,389.7566821759223,M,Illinois,12
16470,0.0,0.0,200.0,0.0,0.33014505124553795,1265.5940519672886,417.8296131427885,F,New York,13
16473,0.0,0.0,151.0,0.0,0.39709006064605684,1265.5940519672886,502.55481884897944,F,Illinois,36
16477,2.0,249.0,330.0,1484.724,0.7471114943327138,1318.344546895212,984.9503644762664,F,Washington DC,50
16493,0.0,0.0,123.0,0.0,0.44941471355697454,1265.5940519672886,568.7765883442897,F,California,37
16496,0.0,0.0,56.0,0.0,0.6596552042396027,1265.5940519672886,834.855702834908,M,California,16
16497,1.0,73.0,138.0,2013.3049999999998,0.6885276971363133,1367.9057529410466,941.8409979720136,F,California,16
16499,4.0,44.0,257.0,417.267,0.11047309884376426,936.4076539702841,103.44785531511658,F,Illinois,31
16500,0.0,0.0,127.0,0.0,0.441095347551361,1265.5940519672886,558.2476482114464,M,New Jersey,6
16503,2.0,89.0,214.0,1143.2665,0.6994994596397899,1236.1465074051346,864.6838139655051,F,Illinois,29
16510,1.0,1.0,342.0,739.969,0.07965679774993065,1193.67108055342,95.08401584358496,F,California,39
16515,0.0,0.0,24.0,0.0,0.8547403926590007,1265.5940519672886,1081.754356925416,F,New Jersey,19
16519,0.0,0.0,257.0,0.0,0.2762086775645544,1265.5940519672886,349.56805942745075,F,Illinois,45
16520,1.0,1.0,260.0,586.26,0.13205229629350393,1172.6385822512989,154.8496175086429,F,Washington DC,37
16523,1.0,1.0,44.0,531.876,1.0727692687430328,1165.1970441002306,1249.9875809409477,M,New York,6
16525,4.0,275.0,277.0,567.56575,1.8967237077261851,994.7298588572032,1886.7277060775793,F,California,47
16531,1.0,146.0,215.0,1087.338,0.5518412858767192,1241.2027013609818,684.9468947527017,M,New Jersey,28
16532,0.0,0.0,163.0,0.0,0.378268312086771,1265.5940519672886,478.7341258247234,F,New York,7
16539,1.0,158.0,352.0,580.119,0.30298434530539503,1171.7982894117558,355.03653754740265,M,California,2
16546,1.0,9.0,345.0,481.557,0.09202213869272043,1158.3117330119767,106.59032294463347,F,California,42
16549,0.0,0.0,143.0,0.0,0.41073252803552757,1265.5940519672886,519.8206444312513,F,New Jersey,17
16550,1.0,1.0,293.0,2509.301,0.10649779965491299,1435.7744855972924,152.9068235167762,F,New York,34
16551,0.0,0.0,151.0,0.0,0.39709006064605684,1265.5940519672886,502.55481884897944,F,California,10
16552,0.0,0.0,358.0,0.0,0.21437745409150705,1265.5940519672886,271.3148307741018,F,California,27
16553,1.0,56.0,270.0,5471.99,0.2577209091695406,1841.168778463767,474.5076915202545,M,Illinois,39
16554,0.0,0.0,130.0,0.0,0.43505882016597375,1265.5940519672886,550.6078550579626,F,Illinois,4
16556,0.0,0.0,215.0,0.0,0.3139875877081226,1265.5940519672886,397.38082339495725,F,New York,19
16558,3.0,197.0,277.0,720.1170000000001,1.17419351492364,1089.7880914973664,1279.622109677218,M,California,35
16560,0.0,0.0,195.0,0.0,0.33591145328914745,1265.5940519672886,425.1275372704327,M,California,49
16565,0.0,0.0,244.0,0.0,0.28688376682725264,1265.5940519672886,363.07838890254146,F,Illinois,2
16567,0.0,0.0,152.0,0.0,0.39544920607414835,1265.5940519672886,500.4781630626287,F,California,20
16570,2.0,195.0,222.0,725.658,1.090496389298979,1135.6168661631295,1238.3860921779146,M,New York,15
16579,0.0,0.0,256.0,0.0,0.27700130466620326,1265.5940519672886,350.5712035727256,M,California,50
16583,0.0,0.0,360.0,0.0,0.21343287172922207,1265.5940519672886,270.1193729548007,F,California,27
16593,0.0,0.0,117.0,0.0,0.4625116868282216,1265.5940519672886,585.3520398151545,F,Illinois,4
16596,0.0,0.0,265.0,0.0,0.270028641472109,1265.5940519672886,341.74664250790863,F,New York,18
16600,0.0,0.0,163.0,0.0,0.378268312086771,1265.5940519672886,478.7341258247234,M,Illinois,32
16607,2.0,16.0,202.0,324.845,0.2430830540635279,1039.1303552440945,252.5949803228532,F,California,31
16612,0.0,0.0,26.0,0.0,0.8390607707087341,1265.5940519672886,1061.910320648063,F,California,17
16618,1.0,1.0,90.0,841.89,0.5912509575249305,1207.6172597586096,714.0048611559107,F,New York,11
16634,0.0,0.0,335.0,0.0,0.22587725874913112,1265.5940519672886,285.86891514757656,F,New York,33
16638,2.0,182.0,302.0,111.8685,0.6904324981475853,987.8611613987155,682.0514494874901,F,New York,34
16654,0.0,0.0,290.0,0.0,0.2523942684163188,1265.5940519672886,319.4286848583283,F,California,15
16655,0.0,0.0,131.0,0.0,0.43308385794089166,1265.5940519672886,548.1083546130386,M,Illinois,40
16656,3.0,191.0,249.0,40.536,1.3495227094940607,870.7607465500029,1175.111402005231,F,Illinois,46
16658,0.0,0.0,292.0,0.0,0.2510832301804745,1265.5940519672886,317.76944266514215,F,Illinois,40
16660,0.0,0.0,78.0,0.0,0.5712879760257407,1265.5940519672886,723.0186644186083,F,New Jersey,3
16665,0.0,0.0,235.0,0.0,0.29477576639406533,1265.5940519672886,373.06645661242806,F,Illinois,31
16670,3.0,93.0,201.0,541.5826666666666,1.0114787801677227,1032.2468991862988,1044.0958344208718,F,Illinois,48
16676,0.0,0.0,156.0,0.0,0.38902122940200307,1265.5940519672886,492.34295402017716,F,New York,4
16679,0.0,0.0,270.0,0.0,0.26630574840265275,1265.5940519672886,337.03497118309457,M,New York,28
16684,3.0,179.0,193.0,1247.7143333333333,1.7989326756092534,1259.8314610461164,2266.351981036405,M,California,43
16686,1.0,1.0,181.0,5182.7339999999995,0.24002857382975618,1801.588946906224,432.43282555335327,M,New York,31
16700,2.0,213.0,265.0,1318.852,0.9178981964254915,1278.4146780058243,1173.4545272254215,M,New York,7
16701,2.0,100.0,231.0,240.90800000000002,0.6726213003861838,1018.9244530727301,685.3502906210608,F,Washington DC,14
16705,3.0,177.0,200.0,518.9293333333334,1.7179799374836915,1024.9457835662217,1760.8362931752708,F,California,18
16710,1.0,79.0,293.0,907.4380000000001,0.2706903522458447,1216.5864040423369,329.3182022477257,F,New York,30
16711,0.0,0.0,187.0,0.0,0.34557424653632274,1265.5940519672886,437.35671092944744,F,Illinois,34
16713,2.0,100.0,277.0,4283.498,0.4796715131482812,1992.0850146717344,955.5464333076068,M,Illinois,5
16714,0.0,0.0,60.0,0.0,0.6415442822964954,1265.5940519672886,811.9346277480677,M,New Jersey,38
16716,0.0,0.0,21.0,0.0,0.8794492048459371,1265.5940519672886,1113.0256826603795,F,California,44
16717,1.0,247.0,265.0,375.31800000000004,0.5353997576719073,1143.7747079378494,612.376701461181,F,New York,42
16718,1.0,1.0,313.0,1044.2640000000001,0.09422991690080051,1235.3087469935372,116.40304057603302,F,California,39
16719,3.0,137.0,300.0,1679.9660000000001,0.6642614655003715,1399.1451483020473,929.3982066588526,F,New York,40
16722,2.0,73.0,294.0,587.491,0.3089759491363874,1102.35633879962,340.6015960671256,F,New Jersey,45
16725,4.0,320.0,325.0,2140.75925,1.67623381444796,1605.1947737934179,2690.6817586076713,F,Illinois,48
16726,0.0,0.0,229.0,0.0,0.30028532086937754,1265.5940519672886,380.0393159853729,F,California,19
16727,0.0,0.0,245.0,0.0,0.2860331260137187,1265.5940519672886,362.00182294857234,F,California,11
16730,0.0,0.0,76.0,0.0,0.5783035682361725,1265.5940519672886,731.8975561911589,F,Washington DC,9
16735,1.0,1.0,144.0,324.644,0.3346111141606917,1136.8408210544417,380.3995737563823,M,New Jersey,42
16743,0.0,0.0,199.0,0.0,0.3312822510803584,1265.5940519672886,419.26884648963545,F,California,9
16745,1.0,24.0,25.0,1415.884,1.6832347401145136,1286.1587103596005,2164.90702257816,F,New York,29
16746,2.0,83.0,200.0,912.523,0.7435662155358073,1180.6003169566054,877.8545097397977,M,New York,16
16748,1.0,131.0,143.0,58.436,0.809020499964137,1100.4147216847819,890.258068305319,M,Illinois,41
16752,0.0,0.0,344.0,0.0,0.22123256560238505,1265.5940519672886,279.9906191278415,M,New York,42
16754,0.0,0.0,335.0,0.0,0.22587725874913112,1265.5940519672886,285.86891514757656,F,New Jersey,5
16755,0.0,0.0,44.0,0.0,0.7209640041200626,1265.5940519672886,912.4477552968709,F,California,33
16757,0.0,0.0,72.0,0.0,0.5928804682391731,1265.5940519672886,750.3459941310783,F,Illinois,22
16767,0.0,0.0,51.0,0.0,0.6838394814888158,1265.5940519672886,865.46318027264,M,Washington DC,29
16770,2.0,301.0,338.0,3250.765,0.8017269624678359,1743.478298120755,1397.7935600809449,F,Illinois,26
16771,1.0,142.0,160.0,6117.388,0.7462387623556658,1929.4806687186797,1439.8532662138098,M,Illinois,39
16775,1.0,158.0,282.0,1141.488,0.4106296633744558,1248.6122205372164,512.717215804429,F,Illinois,19
16779,6.0,258.0,279.0,661.6276666666666,2.703865848191212,971.1717832366321,2625.918217420488,M,Washington DC,11
16781,1.0,84.0,340.0,37.181999999999995,0.22137385505816817,1097.5064683039564,242.95923783972208,F,New York,38
16782,6.0,233.0,288.0,1474.1003333333335,2.355929362955373,1367.2369478278379,3221.1136715050866,F,New York,45
16791,0.0,0.0,132.0,0.0,0.4311270679095523,1265.5940519672886,545.6318527884267,F,Illinois,7
16795,1.0,1.0,258.0,1164.051,0.13386138238231193,1251.6995886105938,167.55423725878524,F,California,20
16805,0.0,0.0,214.0,0.0,0.31501485379595734,1265.5940519672886,398.68092524550866,F,Illinois,15
16810,0.0,0.0,222.0,0.0,0.3069820359647164,1265.5940519672886,388.51463877775336,F,New York,12
16812,0.0,0.0,219.0,0.0,0.30994535759749337,1265.5940519672886,392.26500101026187,F,New York,40
16814,6.0,305.0,320.0,923.1845,2.4825866574712645,1098.67582675004,2727.5579483758597,M,California,22
16816,2.0,158.0,193.0,969.355,1.1650985905393754,1194.2813138018937,1391.4554754181,F,Illinois,31
16817,2.0,79.0,291.0,272.493,0.3425434427532988,1026.5278153573308,351.63037195452273,M,California,20
16833,0.0,0.0,143.0,0.0,0.41073252803552757,1265.5940519672886,519.8206444312513,F,California,46
16835,0.0,0.0,349.0,0.0,0.2187342612497761,1265.5940519672886,276.8287799991756,M,Illinois,11
16839,4.0,287.0,321.0,275.97025,1.6077554414423374,881.5786018101311,1417.3627941193658,F,New York,10
16843,1.0,1.0,116.0,812.383,0.4430764281857084,1203.5797217653842,533.2778041565551,M,New York,31
16850,0.0,0.0,139.0,0.0,0.4179176585819986,1265.5940519672886,528.9141029134735,M,California,22
16858,1.0,34.0,302.0,474.9,0.17098794339496087,1157.4008342279287,197.90158832824557,F,Illinois,47
16861,0.0,0.0,290.0,0.0,0.2523942684163188,1265.5940519672886,319.4286848583283,F,New York,41
16863,1.0,56.0,279.0,125.2,0.24476128595411442,1109.550255171063,271.5749472863852,F,Illinois,22
16873,1.0,68.0,243.0,22.998,0.33163834426221755,1095.565625829428,363.33157018067163,M,California,6
16875,1.0,32.0,168.0,114.128,0.40951438733628853,1108.0352376951764,453.756371511759,F,California,3
16882,0.0,0.0,57.0,0.0,0.6550290346955778,1265.5940519672886,829.000850176598,M,Illinois,28
16883,0.0,0.0,333.0,0.0,0.226936188285704,1265.5940519672886,287.20909007051563,F,Washington DC,37
16885,0.0,0.0,185.0,0.0,0.34807856545426885,1265.5940519672886,440.52616205622917,M,New York,27
16889,0.0,0.0,151.0,0.0,0.39709006064605684,1265.5940519672886,502.55481884897944,F,Illinois,23
16891,1.0,1.0,333.0,6974.762,0.08382560627066483,2046.7979188425033,171.57407646050788,M,Illinois,12
16892,0.0,0.0,94.0,0.0,0.5208795197865966,1265.5940519672886,659.2220220334943,M,Illinois,16
16893,1.0,1.0,277.0,1983.6240000000003,0.11794822063819305,1363.8444059665349,160.8630209111062,F,New York,50
16897,0.0,0.0,39.0,0.0,0.7501578952929242,1265.5940519672886,949.3953703190249,M,New Jersey,49
16898,1.0,42.0,299.0,220.2,0.19066834847319028,1122.5494116205978,214.03464239325086,M,Illinois,40
16899,0.0,0.0,215.0,0.0,0.3139875877081226,1265.5940519672886,397.38082339495725,F,Illinois,36
16904,1.0,183.0,284.0,2603.1200000000003,0.43609660957938157,1448.6120420071754,631.7348001151938,F,California,17
16905,0.0,0.0,333.0,0.0,0.226936188285704,1265.5940519672886,287.20909007051563,F,New York,33
16907,0.0,0.0,255.0,0.0,0.27779853427062695,1265.5940519672886,351.58017261813643,F,California,16
16912,0.0,0.0,92.0,0.0,0.526676694744987,1265.5940519672886,666.5588921790469,F,Washington DC,16
16916,0.0,0.0,342.0,0.0,0.22224803673061175,1265.5940519672886,281.2757933476697,F,New York,7
16918,1.0,1.0,58.0,532.2,0.8827731525423579,1165.2413780653849,1028.6438047875813,M,Washington DC,47
16919,1.0,82.0,296.0,3013.466,0.2718817267738513,1504.7610088749723,409.11702147489007,F,New York,10
16923,4.0,203.0,242.0,2344.3955,1.9094082459950357,1684.2141608136285,3215.8524066791515,F,New York,23
16926,0.0,0.0,330.0,0.0,0.22854344913277427,1265.5940519672886,289.2432298385277,M,California,48
16927,0.0,0.0,230.0,0.0,0.2993526610462565,1265.5940519672886,378.8589472607221,F,Illinois,45
16928,1.0,263.0,352.0,959.6999999999999,0.39303764123332574,1223.7375820882903,480.97493275255493,F,California,19
16931,3.0,236.0,321.0,2251.604,1.0715638688664526,1583.3827202927605,1696.6957136531987,F,New Jersey,37
16938,1.0,1.0,11.0,143.805,1.8094874974969166,1112.0960373367852,2012.323875576777,F,New Jersey,7
16943,0.0,0.0,66.0,0.0,0.6162233096707139,1265.5940519672886,779.888555402852,M,Washington DC,34
16945,0.0,0.0,192.0,0.0,0.3394702170134642,1265.5940519672886,429.63148747228496,F,Illinois,9
16948,0.0,0.0,107.0,0.0,0.4861626467316356,1265.5940519672886,615.2845539922322,F,Illinois,2
16949,0.0,0.0,53.0,0.0,0.6739486113198698,1265.5940519672886,852.9453538180413,M,New York,44
16950,0.0,0.0,282.0,0.0,0.25777934488054866,1265.5940519672886,326.2440056008467,F,Illinois,26
16954,0.0,0.0,211.0,0.0,0.31813783446328303,1265.5940519672886,402.63335100248486,F,California,6
16955,3.0,208.0,355.0,192.39200000000002,0.7847983382723631,919.7035752846597,721.7818375865521,F,New York,15
16983,1.0,236.0,317.0,738.3,0.42661114195306593,1193.4427058995857,509.1359556193793,F,New York,21
16985,2.0,182.0,201.0,979.0385,1.1841320376753433,1196.6123937032055,1416.9470720633467,F,Illinois,5
16992,0.0,0.0,17.0,0.0,0.9148335832077332,1265.5940519672886,1157.8079414476288,F,California,7
16995,0.0,0.0,335.0,0.0,0.22587725874913112,1265.5940519672886,285.86891514757656,F,California,50
16996,2.0,30.0,201.0,67.34100000000001,0.3459706998585598,977.1421899208759,338.06256730825123,F,New York,13
16997,1.0,95.0,107.0,189.43900000000002,0.9493537762994221,1118.3402847622383,1061.700572526802,F,New Jersey,35
17001,1.0,126.0,201.0,872.216,0.5612658988052225,1211.7668641637526,680.1234181572546,F,California,18
17007,1.0,15.0,187.0,13.344000000000001,0.2873160200092251,1094.244637867704,314.3940142685845,F,Illinois,3
17017,4.0,135.0,348.0,1007.3505000000001,0.39213950678489323,1165.3847465102442,456.993399711165,M,California,40
17018,0.0,0.0,108.0,0.0,0.4836868971169646,1265.5940519672886,612.1512600057442,M,Illinois,26
17019,2.0,169.0,295.0,2505.343,0.6777765758104536,1564.03509657218,1060.0663522020643,M,New York,25
17025,1.0,1.0,352.0,803.467,0.0753525740753079,1202.359716724289,90.60089961963321,F,Illinois,45
17026,0.0,0.0,314.0,0.0,0.23751781916523376,1265.5940519672886,300.60113917176193,M,California,23
17027,0.0,0.0,60.0,0.0,0.6415442822964954,1265.5940519672886,811.9346277480677,F,California,32
17033,0.0,0.0,207.0,0.0,0.32240052974624817,1265.5940519672886,408.02819279795455,M,California,47
17035,1.0,1.0,25.0,455.30199999999996,1.4314843053810322,1154.7191766690025,1652.9623785241845,F,New York,10
17041,0.0,0.0,221.0,0.0,0.3079634275857013,1265.5940519672886,389.7566821759223,F,New York,15
17044,0.0,0.0,202.0,0.0,0.32789418410972976,1265.5940519672886,414.980929083941,F,Washington DC,29
17048,1.0,41.0,128.0,140.1,0.6161244975936656,1111.5890702352533,684.8772574293054,F,Illinois,39
17059,1.0,1.0,317.0,4124.0960000000005,0.09201225348769919,1656.7320944280941,152.43965343372457,M,California,24
17062,4.0,280.0,319.0,998.66825,1.596938428947908,1162.0156701647693,1855.667478725777,M,Illinois,44
17064,0.0,0.0,115.0,0.0,0.46705218354020206,1265.5940519672886,591.0984654468141,M,Illinois,7
17068,4.0,260.0,292.0,893.76725,1.7242767671417678,1121.3096921387198,1933.4482509256827,F,Washington DC,31
17069,2.0,180.0,350.0,686.8485,0.5334056758536195,1126.2743716694072,600.7611424169309,F,California,10
17071,0.0,0.0,16.0,0.0,0.9241540169637026,1265.5940519672886,1169.6038269709386,F,Illinois,15
17075,0.0,0.0,61.0,0.0,0.6371758796130382,1265.5940519672886,806.4060032952863,F,California,24
17076,0.0,0.0,252.0,0.0,0.28021824571183124,1265.5940519672886,354.6425450256018,M,New York,46
17082,1.0,1.0,66.0,365.51099999999997,0.794277421941494,1142.43278449258,907.4085668082088,F,California,30
17085,2.0,60.0,238.0,2173.587,0.40912708555368843,1484.1724700694085,607.215157138516,F,California,19
17090,0.0,0.0,176.0,0.0,0.3598186673504427,1265.5940519672886,455.38436518551674,F,New Jersey,23
17091,2.0,218.0,287.0,1113.6000000000001,0.8372914403996347,1229.0049798694022,1029.0353498531758,F,California,37
17094,1.0,23.0,88.0,327.3,0.7788884647867349,1137.2042501021256,885.7552725109947,M,Illinois,35
17095,1.0,15.0,146.0,30.0,0.40588548525683477,1096.5237320763717,445.0630670894536,M,California,35
17097,3.0,158.0,257.0,1339.443,1.0958808491382839,1289.395392815194,1413.023717953306,M,California,33
17105,0.0,0.0,1.0,0.0,1.0928628540321,1265.5940519672886,1383.1207276790208,F,New Jersey,38
17114,0.0,0.0,145.0,0.0,0.40723333340133483,1265.5940519672886,515.3920845155411,M,California,19
17118,0.0,0.0,62.0,0.0,0.6328684694624829,1265.5940519672886,800.95457062936,F,New Jersey,49
17126,1.0,1.0,241.0,3468.4719999999998,0.15070584259501255,1567.0209476063083,236.1592122730437,F,Illinois,32
17128,0.0,0.0,144.0,0.0,0.40897532144749804,1265.5940519672886,517.5967342253634,F,New York,47
17135,0.0,0.0,334.0,0.0,0.22640547765337257,1265.5940519672886,286.5374258509212,F,California,45
17146,0.0,0.0,199.0,0.0,0.3312822510803584,1265.5940519672886,419.26884648963545,M,California,5
17147,0.0,0.0,27.0,0.0,0.8314447677617632,1265.5940519672886,1052.2715526186112,F,Illinois,24
17158,1.0,1.0,217.0,1466.5240000000001,0.17983725597079503,1293.0879449133315,232.5453877421281,M,California,17
17179,0.0,0.0,228.0,0.0,0.30122386939192863,1265.5940519672886,381.2271374129963,F,New Jersey,31
17180,1.0,1.0,46.0,3080.904,1.0424309039391035,1513.9887679554324,1578.228679933431,F,Illinois,35
17181,0.0,0.0,358.0,0.0,0.21437745409150705,1265.5940519672886,271.3148307741018,F,New York,49
17188,4.0,196.0,237.0,606.0005,1.9202072611939356,1009.6441503218862,1938.7260286700673,M,Illinois,8
17189,0.0,0.0,202.0,0.0,0.32789418410972976,1265.5940519672886,414.980929083941,F,New York,42
17191,1.0,1.0,291.0,2187.922,0.1078431592793009,1391.7991603278717,150.0960185320359,M,Illinois,13
17194,1.0,1.0,221.0,1145.03,0.1744757106593929,1249.0968838229455,217.93706648744157,F,New Jersey,19
17198,2.0,69.0,327.0,1072.319,0.22639890563537662,1219.0675285959937,275.9955543697562,F,New York,18
17204,0.0,0.0,178.0,0.0,0.3571409135142405,1265.5940519672886,451.9954158577866,F,Illinois,29
17211,2.0,142.0,314.0,892.9354999999999,0.5242169042531546,1175.8850768505545,616.4188347440804,F,Illinois,29
17213,4.0,221.0,271.0,557.77575,1.7192596857346367,990.930929153244,1703.667597840738,M,Illinois,25
17214,1.0,191.0,203.0,973.946,0.6496413852144466,1225.6869082228175,796.2569408970834,F,California,28
17218,3.0,147.0,289.0,1423.939,0.7972925023305506,1316.6282532669616,1049.7378346863177,F,Illinois,31
17220,2.0,211.0,244.0,2454.589,1.0116320719699117,1551.8172384308905,1569.8680882324682,F,New York,19
17223,1.0,274.0,291.0,1081.3570000000002,0.5011219398865241,1240.3843018375644,621.5837875416321,F,California,10
17226,0.0,0.0,9.0,0.0,0.995482310450718,1265.5940519672886,1259.8764909450824,F,Illinois,22
17227,0.0,0.0,301.0,0.0,0.2453494257729636,1265.5940519672886,310.5127739118525,F,New Jersey,19
17228,4.0,313.0,338.0,635.995,1.5767427217809893,1021.2832715686077,1610.3009653224797,M,Illinois,42
17230,3.0,190.0,209.0,1167.4296666666667,1.688206443957786,1233.9559033422015,2083.1723075820555,M,California,29
17231,3.0,133.0,229.0,1915.964,1.1425029271789962,1475.2067441278396,1685.428023360253,F,California,5
17235,0.0,0.0,342.0,0.0,0.22224803673061175,1265.5940519672886,281.2757933476697,M,California,12
17236,1.0,171.0,240.0,1321.862,0.5187098583245046,1273.2933768048833,660.469827087991,F,California,28
17238,2.0,239.0,327.0,3426.291,0.7381078162539447,1785.732145464964,1318.0628543036162,F,Illinois,20
17239,1.0,137.0,171.0,2226.976,0.6899951366465578,1397.1430451276624,964.0219063376492,F,California,28
17243,4.0,237.0,324.0,884.58375,1.354049576874588,1117.7461098163185,1513.4836470500027,M,Illinois,9
17251,0.0,0.0,242.0,0.0,0.28860046153472807,1265.5940519672886,365.2510275133661,M,California,46
17256,0.0,0.0,30.0,0.0,0.8094406809363506,1265.5940519672886,1024.423311213397,F,New York,43
17259,1.0,1.0,296.0,2517.4,0.10452267119074851,1436.8826978929217,150.18681777153748,M,Illinois,8
17262,0.0,0.0,270.0,0.0,0.26630574840265275,1265.5940519672886,337.03497118309457,F,California,22
17277,0.0,0.0,89.0,0.0,0.5356247888119711,1265.5940519672886,677.8835468066657,F,California,31
17284,1.0,1.0,149.0,4540.688,0.319154449511395,1713.7357216241414,546.946380842966,F,New York,38
17287,1.0,59.0,344.0,701.423,0.1779572735869582,1188.3967070323279,211.4838379231922,F,Washington DC,45
17288,1.0,85.0,196.0,370.119,0.4898604526230636,1143.0633119969953,559.9415113916663,M,California,3
17291,0.0,0.0,7.0,0.0,1.0180619392125425,1265.5940519672886,1288.4531348016772,F,Illinois,14
17293,1.0,223.0,227.0,998.1010000000001,0.6099571892057234,1228.9921147916439,749.6325758943088,M,Illinois,16
17303,0.0,0.0,229.0,0.0,0.30028532086937754,1265.5940519672886,380.0393159853729,F,Illinois,39
17306,2.0,114.0,172.0,87.457,1.1365107472195393,981.9846542462528,1116.0361131555296,F,California,9
17307,0.0,0.0,256.0,0.0,0.27700130466620326,1265.5940519672886,350.5712035727256,F,New York,17
17311,0.0,0.0,54.0,0.0,0.6691134119806204,1265.5940519672886,846.825954294211,F,California,6
17314,1.0,7.0,34.0,2172.33,1.3182949785674374,1389.6656566714387,1831.989257077578,M,Washington DC,24
17315,7.0,183.0,188.0,724.2682857142856,4.26879082771206,980.8605872153289,4187.088677969061,F,New York,10
17320,0.0,0.0,288.0,0.0,0.2537191738814268,1265.5940519672886,321.10547733438796,F,California,40
17324,1.0,142.0,273.0,1139.222,0.4067008182134428,1248.3021564475887,507.68550840483937,M,New Jersey,49
17329,0.0,0.0,40.0,0.0,0.7441238100325149,1265.5940519672886,941.7586679043875,F,Illinois,9
17334,0.0,0.0,11.0,0.0,0.9739387469086762,1265.5940519672886,1232.611085068095,F,Washington DC,8
17337,1.0,1.0,17.0,19334.968,1.632349768270791,3738.084777184353,6101.86181981345,F,California,44
17338,2.0,101.0,230.0,1219.6770000000001,0.6831063764708711,1254.540577813477,856.9846682458373,F,New Jersey,40
17339,0.0,0.0,257.0,0.0,0.2762086775645544,1265.5940519672886,349.56805942745075,F,California,21
17340,3.0,95.0,268.0,2914.6683333333335,0.5193757959372589,1797.0867827360803,933.3633781518796,F,California,36
17341,1.0,1.0,273.0,8076.655,0.12107346261317267,2197.573492501945,266.06783208413356,F,New York,13
17343,0.0,0.0,179.0,0.0,0.35581712472010896,1265.5940519672886,450.3200366338728,M,New York,32
17346,2.0,145.0,354.0,612.5240000000001,0.4233878329379837,1108.382457782378,469.27564686695723,F,New Jersey,12
17356,0.0,0.0,26.0,0.0,0.8390607707087341,1265.5940519672886,1061.910320648063,F,Illinois,8
17358,1.0,1.0,182.0,1822.762,0.23800994607388545,1341.8331396003766,319.36963319643803,F,Illinois,6
17362,0.0,0.0,15.0,0.0,0.9336770224422474,1265.5940519672886,1181.6560860614368,F,California,46
17364,1.0,36.0,128.0,446.39,0.592366321171387,1153.4997189608105,683.2943849930441,M,New York,39
17365,0.0,0.0,135.0,0.0,0.4253632206941269,1265.5940519672886,538.3371620361361,F,New York,11
17368,2.0,92.0,157.0,710.454,1.1352410395653838,1131.9568528601353,1285.0438743841003,M,Illinois,8
17371,0.0,0.0,226.0,0.0,0.3031188590516655,1265.5940519672886,383.6254250548988,M,New Jersey,24
17372,3.0,181.0,239.0,1415.5986666666668,1.379793335400935,1313.9401836093696,1812.965908459689,F,New York,4
17373,0.0,0.0,33.0,0.0,0.7886203588294997,1265.5940519672886,998.0732353949236,M,New Jersey,11
17375,1.0,198.0,226.0,2177.274,0.5875721769153175,1390.3421601397176,816.9263696904388,M,New Jersey,21
17376,0.0,0.0,22.0,0.0,0.8710477650400855,1265.5940519672886,1102.3928704141326,F,New Jersey,34
17377,4.0,174.0,359.0,600.711,0.6329589099936515,1007.5916029603854,637.7640827285616,M,Illinois,34
17381,3.0,334.0,343.0,459.64766666666674,1.2110292053268923,1005.8394429621516,1218.1009412968983,M,New Jersey,17
17389,6.0,137.0,165.0,352.237,3.6285255820294244,820.3496444204961,2976.659670988512,F,New York,2
17392,1.0,189.0,192.0,1597.6750000000002,0.6849731814242348,1311.033759308204,898.022965067915,M,Illinois,6
17396,0.0,0.0,334.0,0.0,0.22640547765337257,1265.5940519672886,286.5374258509212,F,California,13
17400,0.0,0.0,171.0,0.0,0.3666945996499198,1265.5940519672886,464.0865042054647,F,California,45
17402,2.0,190.0,310.0,978.49,0.683990717305683,1196.4803549438861,818.3814562202268,F,California,37
17404,4.0,171.0,215.0,892.97425,2.00532816934941,1121.0019749522805,2247.97683826813,F,New Jersey,11
17406,3.0,153.0,278.0,1720.8746666666666,0.9096852501614606,1412.3299145702872,1284.7756916463861,F,Illinois,3
17411,0.0,0.0,262.0,0.0,0.27231319413749266,1265.5940519672886,344.63795877262424,F,Illinois,16
17412,1.0,145.0,337.0,1261.3650000000002,0.30754353779657495,1265.015377144594,389.04730445411695,F,California,19
17418,0.0,0.0,95.0,0.0,0.5180296678267433,1265.5940519672886,655.6152663441167,M,Illinois,26
17419,1.0,180.0,282.0,797.999,0.4366445284900041,1201.611512645699,524.6770923673419,F,New York,48
17420,0.0,0.0,363.0,0.0,0.21203158879427583,1265.5940519672886,268.3459176072095,F,New York,19
17428,4.0,166.0,302.0,470.51824999999997,0.9687120637419534,957.0713674940795,927.1265795535232,F,California,14
17430,0.0,0.0,260.0,0.0,0.27385801313229624,1265.5940519672886,346.59307250381374,F,Illinois,36
17431,0.0,0.0,36.0,0.0,0.7688879499106626,1265.5940519672886,973.1000160362571,M,Illinois,7
17442,0.0,0.0,256.0,0.0,0.27700130466620326,1265.5940519672886,350.5712035727256,M,California,34
17446,0.0,0.0,18.0,0.0,0.9057090875275602,1265.5940519672886,1146.2600339876005,F,New York,42
17449,1.0,1.0,210.0,1273.808,0.18977615150002716,1266.7179929730314,240.39286574226034,F,Illinois,24
17450,2.0,151.0,287.0,1329.998,0.6488700000392408,1281.0978211441545,831.2659432560788,F,California,17
17454,0.0,0.0,210.0,0.0,0.31919278779637356,1265.5940519672886,403.96849366594734,M,New Jersey,15
17456,0.0,0.0,256.0,0.0,0.27700130466620326,1265.5940519672886,350.5712035727256,F,New Jersey,34
17457,1.0,155.0,166.0,322.00699999999995,0.7409476821795816,1136.479991838048,842.0722157958714,F,Illinois,47
17460,2.0,284.0,350.0,101.9825,0.7433129571071275,985.4813342799704,732.5210447575224,F,California,35
17463,0.0,0.0,35.0,0.0,0.775350017507491,1265.5940519672886,981.2783703502137,F,New York,27
17470,0.0,0.0,287.0,0.0,0.25438689623112054,1265.5940519672886,321.950542768526,F,California,48
17491,1.0,178.0,285.0,218.281,0.4286635014101077,1122.286828660317,481.08340155997706,F,New Jersey,31
17496,0.0,0.0,202.0,0.0,0.32789418410972976,1265.5940519672886,414.980929083941,F,Illinois,7
17504,0.0,0.0,91.0,0.0,0.5296251578973026,1265.5940519672886,670.2904496070622,F,Illinois,9
17507,1.0,1.0,12.0,2364.9030000000002,1.7781633989074535,1416.0160414604516,2517.9078971907943,F,California,25
17511,10.0,341.0,362.0,1330.1879999999999,3.7018677284081907,1305.2023966203135,4831.686631089766,F,Illinois,25
17515,0.0,0.0,66.0,0.0,0.6162233096707139,1265.5940519672886,779.888555402852,F,California,44
17517,1.0,1.0,10.0,667.021,1.8415885241414645,1183.689370398887,2179.8687606748254,F,California,20
17519,1.0,66.0,289.0,69.2,0.2515276578957956,1101.887594527127,277.1552059158404,F,New Jersey,46
17524,0.0,0.0,228.0,0.0,0.30122386939192863,1265.5940519672886,381.2271374129963,F,California,4
17525,0.0,0.0,208.0,0.0,0.3213240623451797,1265.5940519672886,406.66582205802564,M,New York,11
17526,1.0,40.0,262.0,47.184,0.231883640391455,1098.8750742282539,254.81115254747786,M,California,22
17530,1.0,1.0,254.0,3059.928,0.13758293403942193,1511.118554211375,207.90412436981026,F,Illinois,28
17540,0.0,0.0,49.0,0.0,0.6940359806029495,1265.5940519672886,878.3678089023773,F,New York,37
17547,0.0,0.0,340.0,0.0,0.22327292976924434,1265.5940519672886,282.5728918812658,M,Illinois,41
17548,0.0,0.0,362.0,0.0,0.21249662278988068,1265.5940519672886,268.9344618660096,M,Illinois,50
17551,0.0,0.0,205.0,0.0,0.32457549788294937,1265.5940519672886,410.780819534982,M,Illinois,32
17552,0.0,0.0,334.0,0.0,0.22640547765337257,1265.5940519672886,286.5374258509212,F,New York,44
17555,0.0,0.0,144.0,0.0,0.40897532144749804,1265.5940519672886,517.5967342253634,F,Illinois,27
17560,0.0,0.0,19.0,0.0,0.8967741902569497,1265.5940519672886,1134.9520811469772,F,California,19
17567,0.0,0.0,339.0,0.0,0.22378895080481656,1265.5940519672886,283.225965034576,F,California,9
17569,1.0,1.0,133.0,686.344,0.3723872474081042,1186.3333988207223,441.77542889514945,F,California,41
17572,0.0,0.0,356.0,0.0,0.21533048221458284,1265.5940519672886,272.5209774980241,F,Illinois,49
17576,4.0,152.0,255.0,1236.14375,1.2901701823548064,1254.1661023315276,1618.0877089482838,F,California,23
17580,1.0,163.0,194.0,3921.342,0.6441560312417243,1628.9886105673686,1049.322838321047,M,Illinois,30
17581,3.0,218.0,340.0,693.1350000000001,0.9010503905571928,1081.0918568743123,974.1182398647999,M,California,25
17585,0.0,0.0,160.0,0.0,0.38280194112675503,1265.5940519672886,484.47185977155334,F,California,26
17591,3.0,224.0,282.0,1586.43,1.2565026517598743,1368.9987172849992,1720.150518524468,F,New York,25
17593,0.0,0.0,171.0,0.0,0.3666945996499198,1265.5940519672886,464.0865042054647,F,New York,22
17596,0.0,0.0,298.0,0.0,0.2472311615690912,1265.5940519672886,312.8942875428055,F,California,38
17602,0.0,0.0,97.0,0.0,0.5124246826598013,1265.5940519672886,648.52163045547,M,Illinois,40
17604,1.0,1.0,30.0,1290.073,1.3228734613806141,1268.9435853904174,1678.6517931021483,F,California,28
17609,0.0,0.0,115.0,0.0,0.46705218354020206,1265.5940519672886,591.0984654468141,M,New York,21
17611,3.0,145.0,228.0,4501.616333333334,1.2478600496129755,2308.5563603280507,2880.7552543333113,M,New York,26
17616,0.0,0.0,287.0,0.0,0.25438689623112054,1265.5940519672886,321.950542768526,F,New York,6
17618,0.0,0.0,234.0,0.0,0.2956798046958398,1265.5940519672886,374.2106021099044,F,Illinois,17
17619,0.0,0.0,30.0,0.0,0.8094406809363506,1265.5940519672886,1024.423311213397,F,New York,30
17621,1.0,144.0,176.0,1481.118,0.6818110503666065,1295.0848890104314,883.0031884901223,M,California,25
17629,1.0,75.0,211.0,19.592,0.42190720069677706,1095.0995718624058,462.0303948487067,F,New York,11
17633,0.0,0.0,202.0,0.0,0.32789418410972976,1265.5940519672886,414.980929083941,F,Illinois,17
17634,0.0,0.0,156.0,0.0,0.38902122940200307,1265.5940519672886,492.34295402017716,F,Illinois,32
17643,0.0,0.0,353.0,0.0,0.21677611096617863,1265.5940519672886,274.3505566473966,F,California,33
17644,0.0,0.0,87.0,0.0,0.541765464826698,1265.5940519672886,685.6551498459622,F,Illinois,5
17646,0.0,0.0,257.0,0.0,0.2762086775645544,1265.5940519672886,349.56805942745075,M,New Jersey,13
17655,1.0,71.0,265.0,28.058,0.29822933700204113,1096.258001951898,326.93629710529683,F,New York,2
17659,1.0,143.0,336.0,79.38499999999999,0.3064833988976133,1103.2812409317428,338.1373846607371,F,California,33
17671,0.0,0.0,257.0,0.0,0.2762086775645544,1265.5940519672886,349.56805942745075,F,New York,34
17672,0.0,0.0,13.0,0.0,0.9533588599713092,1265.5940519672886,1206.5653025700042,M,California,39
17673,1.0,1.0,82.0,4931.228,0.6501927710757729,1767.1745696220491,1149.0041303971964,F,Illinois,12
17674,0.0,0.0,302.0,0.0,0.24472857490215535,1265.5940519672886,309.72702874259886,M,Illinois,2
17675,4.0,257.0,284.0,909.0135,1.7776308850189675,1127.2258751825389,2003.7915301170167,F,New York,17
17676,0.0,0.0,270.0,0.0,0.26630574840265275,1265.5940519672886,337.03497118309457,M,New York,15
17677,4.0,233.0,302.0,581.8679999999999,1.5096112645589759,1000.2797303953492,1510.0335487148345,M,New York,3
17682,0.0,0.0,293.0,0.0,0.2504328429678867,1265.5940519672886,316.94631647741545,M,Illinois,39
17685,3.0,336.0,340.0,788.1336666666666,1.2273227055803375,1111.7097018899021,1364.426559143425,M,Washington DC,37
17690,3.0,240.0,351.0,1625.0293333333336,0.9343762672181178,1381.4391908955595,1290.7839945778098,F,Illinois,6
17691,1.0,108.0,301.0,151.63,0.30805070725494205,1113.1667573285495,342.9118068877501,F,Illinois,48
17692,0.0,0.0,206.0,0.0,0.323484316375613,1265.5940519672886,409.3998267096803,F,New Jersey,11
17696,1.0,100.0,252.0,101.2,0.3806826455226841,1106.2662577522333,421.1363656535997,F,California,2
17700,0.0,0.0,256.0,0.0,0.27700130466620326,1265.5940519672886,350.5712035727256,F,New York,21
17702,0.0,0.0,258.0,0.0,0.27542061291877135,1265.5940519672886,348.570689499182,F,Illinois,28
17706,0.0,0.0,277.0,0.0,0.2612642296824703,1265.5940519672886,330.65445507794993,M,New Jersey,29
17707,0.0,0.0,149.0,0.0,0.40041362761832133,1265.5940519672886,506.7611054403923,F,Illinois,4
17708,0.0,0.0,102.0,0.0,0.4989404890933523,1265.5940519672886,631.4561152821965,M,New York,44
17714,0.0,0.0,87.0,0.0,0.541765464826698,1265.5940519672886,685.6551498459622,F,New York,6
17720,0.0,0.0,286.0,0.0,0.2550581692735998,1265.5940519672886,322.80010193833374,F,Illinois,28
17722,5.0,216.0,274.0,746.6486,2.027539965076106,1036.137998732404,2100.8112017639246,F,Illinois,12
17730,1.0,41.0,110.0,21.75,0.7225222636994599,1095.394857963649,791.447172420644,F,Illinois,30
17732,0.0,0.0,348.0,0.0,0.2192293713845858,1265.5940519672886,277.4553884408595,F,Illinois,8
17735,1.0,224.0,286.0,4243.654,0.47233600872774034,1673.0916012364462,790.2614091639272,M,New Jersey,49
17739,1.0,77.0,214.0,118.98400000000001,0.4190424025467653,1108.6996998395862,464.5921859236577,F,California,7
17742,0.0,0.0,136.0,0.0,0.4234766324440455,1265.5940519672886,535.9495071683217,F,Illinois,35
17744,4.0,104.0,196.0,193.50599999999997,1.3987966364434532,849.579021744787,1188.3882780095275,F,New York,42
17752,0.0,0.0,202.0,0.0,0.32789418410972976,1265.5940519672886,414.980929083941,F,California,38
17757,6.0,288.0,335.0,808.8476666666667,2.2235288570262117,1042.938768051445,2319.004446873755,F,New York,45
17760,0.0,0.0,352.0,0.0,0.2172623353303545,1265.5940519672886,274.96591931061914,F,New Jersey,45
17769,0.0,0.0,86.0,0.0,0.5448902910160645,1265.5940519672886,689.609911284656,M,New York,32
17771,0.0,0.0,94.0,0.0,0.5208795197865966,1265.5940519672886,659.2220220334943,F,New York,33
17786,0.0,0.0,59.0,0.0,0.6459750161423288,1265.5940519672886,817.5421381492046,F,California,9
17787,2.0,235.0,330.0,2284.0855,0.7207424767826608,1510.7724424425278,1088.8778720210173,M,California,8
17790,2.0,62.0,251.0,610.7395,0.37586607672277833,1107.9528804514655,416.4419023689938,F,Washington DC,34
17796,3.0,280.0,318.0,2125.6926666666664,1.2202877479710885,1542.8017961074427,1882.6621293377018,F,Washington DC,5
17799,3.0,151.0,229.0,2142.3083333333334,1.2827493559796024,1548.1569860767481,1985.8973768452709,F,Illinois,14
17800,0.0,0.0,143.0,0.0,0.41073252803552757,1265.5940519672886,519.8206444312513,F,Illinois,12
17802,0.0,0.0,341.0,0.0,0.2227592972897858,1265.5940519672886,281.92284167036587,F,California,13
17809,1.0,33.0,363.0,726.232,0.12167024614334587,1191.7914025308173,145.00555329744793,F,New Jersey,24
17811,4.0,119.0,139.0,1945.31225,2.815923939760478,1529.353158487012,4306.542171331877,M,California,35
17812,1.0,1.0,289.0,892.553,0.10921199524735391,1214.5496414765335,132.64338967261057,M,Illinois,20
17816,0.0,0.0,257.0,0.0,0.2762086775645544,1265.5940519672886,349.56805942745075,F,Illinois,29
17819,1.0,91.0,328.0,33.29600000000001,0.2455430420655793,1096.9747343885576,269.3545133508473,M,Illinois,13
17820,0.0,0.0,202.0,0.0,0.32789418410972976,1265.5940519672886,414.980929083941,F,Illinois,35
17827,3.0,3.0,252.0,2253.3826666666664,0.038951321528962024,1583.9559803420354,61.697178678024876,M,California,32
17838,2.0,83.0,338.0,284.80649999999997,0.25524516147985404,1029.492007267777,262.77285363728276,F,California,14
17841,19.0,337.0,354.0,2372.2945789473683,7.1459389541583045,2096.4448365542808,14981.066822777275,M,California,21
17848,2.0,176.0,192.0,98.9785,1.2277951531242748,984.7581903729595,1209.0813331393515,M,Illinois,25
17849,0.0,0.0,139.0,0.0,0.4179176585819986,1265.5940519672886,528.9141029134735,M,California,8
17850,9.0,25.0,364.0,3261.3991111111113,1.4666361219409723e-05,2438.970726734973,0.03577082568186136,M,Illinois,12
17855,0.0,0.0,348.0,0.0,0.2192293713845858,1265.5940519672886,277.4553884408595,F,New York,13
17857,1.0,69.0,263.0,186.59000000000003,0.29733830879048834,1117.9504469019782,332.40949519340484,M,Illinois,47
17858,3.0,230.0,312.0,839.308,1.098785370028618,1128.2030681839146,1239.653025741885,M,Illinois,34
17860,0.0,0.0,297.0,0.0,0.247864884302825,1265.5940519672886,313.6963232652155,F,New Jersey,49
17861,0.0,0.0,79.0,0.0,0.5678453695067283,1265.5940519672886,718.6617220848824,F,Illinois,37
17862,0.0,0.0,95.0,0.0,0.5180296678267433,1265.5940519672886,655.6152663441167,F,Illinois,17
17863,1.0,291.0,311.0,2696.92,0.4752982353499682,1461.4469985857686,694.6231794853232,F,Illinois,50
17865,1.0,58.0,244.0,423.6,0.3057509067893828,1150.38128974518,351.73012249312853,M,Illinois,12
17869,0.0,0.0,287.0,0.0,0.25438689623112054,1265.5940519672886,321.950542768526,M,California,50
17870,0.0,0.0,279.0,0.0,0.25985894125000913,1265.5940519672886,328.87593039652864,M,New Jersey,40
17873,0.0,0.0,353.0,0.0,0.21677611096617863,1265.5940519672886,274.3505566473966,M,California,26
17880,0.0,0.0,251.0,0.0,0.2810342953693803,1265.5940519672886,355.6753326183058,M,California,12
17884,3.0,306.0,332.0,1453.5206666666666,1.2095532952796775,1326.1623542926197,1604.0640457104932,F,Illinois,37
17888,1.0,126.0,187.0,737.64,0.6085736021993444,1193.3523959705678,726.2427663090269,M,New York,37
17889,0.0,0.0,87.0,0.0,0.541765464826698,1265.5940519672886,685.6551498459622,F,New Jersey,40
17890,2.0,137.0,227.0,3043.96,0.8721710163152225,1693.694750953844,1477.1914722671718,F,Illinois,27
17894,5.0,237.0,268.0,1662.7894000000001,2.268046882399805,1441.217282843175,3268.748365213181,F,California,37
17897,2.0,79.0,359.0,1303.714,0.2084004675404511,1274.7705526848083,265.6627791863133,M,Washington DC,19
17905,1.0,186.0,356.0,128.99099999999999,0.326167195146379,1110.0689899300125,362.0680888644462,M,New York,42
17908,0.0,0.0,361.0,0.0,0.2129637125244448,1265.5940519672886,269.5256078558089,F,California,15
17912,5.0,232.0,250.0,283.5076,2.4585376430639556,831.3563486603335,2043.9208779816324,M,New Jersey,7
17913,0.0,0.0,184.0,0.0,0.3493445624320819,1265.5940519672886,442.12840030115797,F,New York,29
17917,1.0,1.0,239.0,1831.08,0.15287540588747647,1342.9713183724527,205.3072853914281,F,California,40
17920,3.0,321.0,361.0,2193.6053333333334,1.1110614512762975,1564.6898875465727,1738.4666172548418,F,California,18
17924,2.0,185.0,362.0,28.479,0.5143858519704286,967.787057259671,497.81596997446985,M,New Jersey,26
17925,0.0,0.0,348.0,0.0,0.2192293713845858,1265.5940519672886,277.4553884408595,M,New York,12
17929,0.0,0.0,10.0,0.0,0.9845857133168252,1265.5940519672886,1246.085822425744,M,California,4
17937,2.0,8.0,235.0,182.462,0.13211329176778744,1004.854922849973,132.75469160677602,M,New York,38
17949,1.0,172.0,330.0,47.452,0.3475030091104356,1098.9117455327641,381.8751383194368,F,New Jersey,15
17950,0.0,0.0,256.0,0.0,0.27700130466620326,1265.5940519672886,350.5712035727256,F,New York,39
17951,2.0,182.0,358.0,116.5765,0.5171435372536807,988.9945041131654,511.4521161815322,F,Illinois,36
17954,2.0,209.0,328.0,1895.6265000000003,0.671343426754495,1417.259872877425,951.4680996591705,F,New York,22
17961,6.0,316.0,334.0,1083.7631666666668,2.392102437476101,1176.954910653379,2815.396710573415,F,California,10
17964,0.0,0.0,342.0,0.0,0.22224803673061175,1265.5940519672886,281.2757933476697,M,New Jersey,5
17965,3.0,262.0,304.0,1358.9116666666666,1.2480303202503462,1295.670097919759,1617.0355672455942,F,Illinois,7
17967,0.0,0.0,333.0,0.0,0.226936188285704,1265.5940519672886,287.20909007051563,F,Illinois,6
17968,0.0,0.0,359.0,0.0,0.213904114258606,1265.5940519672886,270.71577469702305,M,New York,33
17969,0.0,0.0,226.0,0.0,0.3031188590516655,1265.5940519672886,383.6254250548988,F,California,11
17975,3.0,258.0,277.0,3588.0256666666664,1.3951091516162766,2014.1082546736957,2809.900858441159,M,Illinois,6
17976,0.0,0.0,341.0,0.0,0.2227592972897858,1265.5940519672886,281.92284167036587,M,Washington DC,12
17978,0.0,0.0,258.0,0.0,0.27542061291877135,1265.5940519672886,348.570689499182,F,Illinois,15
17980,0.0,0.0,203.0,0.0,0.3267803534249047,1265.5940519672886,413.57127159432775,M,New York,47
17988,1.0,1.0,112.0,426.24100000000004,0.46231730024244505,1150.7426662944772,532.0082427550556,F,Illinois,45
17990,1.0,58.0,230.0,576.5619999999999,0.3333618469821427,1171.3115736276402,390.4705895760702,F,New York,20
17999,0.0,0.0,268.0,0.0,0.2677824161167142,1265.5940519672886,338.9038330587429,F,New Jersey,30
18004,1.0,1.0,236.0,2386.102,0.15621078941150393,1418.9167690138586,221.65010859687544,F,Illinois,30
18008,0.0,0.0,70.0,0.0,0.600456455882446,1265.5940519672886,759.9341190301823,F,California,25
18011,0.0,0.0,349.0,0.0,0.2187342612497761,1265.5940519672886,276.8287799991756,M,California,7
18016,1.0,203.0,243.0,1753.778,0.5476832284722432,1332.3938363528534,729.7297578902484,F,Illinois,16
18017,0.0,0.0,18.0,0.0,0.9057090875275602,1265.5940519672886,1146.2600339876005,M,Illinois,37
18032,0.0,0.0,142.0,0.0,0.4125051563220114,1265.5940519672886,522.0640722469742,F,Illinois,37
18037,1.0,145.0,233.0,23.502000000000002,0.500839669740785,1095.6345897752235,548.7372660996034,M,New Jersey,46
18041,5.0,328.0,346.0,998.1744000000001,1.9489841285815221,1147.352225846172,2236.1712780668713,M,Washington DC,30
18043,0.0,0.0,275.0,0.0,0.2626849227473546,1265.5940519672886,332.4524757705387,F,New York,18
18044,0.0,0.0,220.0,0.0,0.30895118058699655,1265.5940519672886,391.00677649917446,F,California,9
18050,0.0,0.0,205.0,0.0,0.32457549788294937,1265.5940519672886,410.780819534982,F,California,48
18055,4.0,297.0,323.0,1507.488,1.6266409446646444,1359.4590268793859,2211.351715715962,F,Washington DC,18
18061,1.0,180.0,271.0,843.6,0.45867812423817095,1207.8512445747012,554.0149432202642,M,Washington DC,4
18062,0.0,0.0,158.0,0.0,0.3858861477998878,1265.5940519672886,488.375213392108,F,California,25
18065,2.0,53.0,247.0,131.72549999999998,0.33850205243070947,992.6412774311777,336.01110973789497,F,Illinois,47
18069,0.0,0.0,116.0,0.0,0.4647706203065653,1265.5940519672886,588.2109325891362,F,Illinois,10
18071,0.0,0.0,263.0,0.0,0.2715473571550847,1265.5940519672886,343.6687200429121,M,Illinois,24
18074,0.0,0.0,363.0,0.0,0.21203158879427583,1265.5940519672886,268.3459176072095,F,California,10
18075,3.0,177.0,222.0,783.8056666666668,1.5068810880736445,1110.314797752011,1673.1123705408188,F,New York,12
18077,4.0,206.0,279.0,1146.93125,1.543213879738442,1219.547918857119,1882.0232753864373,M,Illinois,34
18085,1.0,236.0,360.0,1574.06,0.36300921141686865,1307.8024426813013,474.7443334067937,M,Illinois,34
18092,3.0,140.0,264.0,270.5586666666667,0.9134537631441701,944.8965066105584,863.1192697451949,M,California,34
18095,1.0,103.0,135.0,358.658,0.7907767376319735,1141.4950663962782,902.6677446278419,F,Illinois,14
18097,1.0,6.0,174.0,505.125,0.2782776244540274,1161.5366184772674,323.2296509062179,F,New York,6
18102,2.0,22.0,280.0,95.66850000000001,0.12832587955292,983.9613840040493,126.26771004842809,F,Illinois,48
18106,0.0,0.0,122.0,0.0,0.4515447845933163,1265.5940519672886,571.4723935781517,F,California,49
18109,5.0,217.0,322.0,471.4988,1.4445862485066001,914.4782232838901,1321.0426659146558,F,New York,9
18113,0.0,0.0,298.0,0.0,0.2472311615690912,1265.5940519672886,312.8942875428055,M,New York,3
18116,5.0,80.0,248.0,1958.4941999999999,0.3126359603349371,1571.9656227185728,491.45298207212846,F,Illinois,38
18118,4.0,213.0,319.0,3827.2472500000003,1.2341378794521405,2259.622696017192,2788.6859624245863,M,Illinois,24
18119,1.0,1.0,286.0,887.921,0.11131041173305742,1213.9158299746994,135.1214708437599,F,California,20
18125,1.0,1.0,49.0,4735.360000000001,0.9990665684085944,1740.373319354076,1738.7487999169516,F,Illinois,3
18136,0.0,0.0,78.0,0.0,0.5712879760257407,1265.5940519672886,723.0186644186083,M,Illinois,28
18141,0.0,0.0,222.0,0.0,0.3069820359647164,1265.5940519672886,388.51463877775336,M,California,28
18144,2.0,284.0,355.0,36.709,0.7291139755959419,969.7682404669613,707.0715772135476,F,California,26
18145,0.0,0.0,33.0,0.0,0.7886203588294997,1265.5940519672886,998.0732353949236,F,Illinois,36
18156,0.0,0.0,317.0,0.0,0.23578147530485052,1265.5940519672886,298.403632709891,F,California,26
18161,0.0,0.0,79.0,0.0,0.5678453695067283,1265.5940519672886,718.6617220848824,F,California,47
18168,2.0,126.0,335.0,364.0745,0.4099543760791121,1048.5739550776784,429.8674815266766,F,Illinois,5
18171,0.0,0.0,140.0,0.0,0.41609750907953374,1265.5940519672886,526.6105325294627,M,New York,21
18176,1.0,22.0,194.0,30.798,0.2989630566617897,1096.6329249905477,327.8527312911333,M,New York,19
18178,1.0,235.0,247.0,1611.7930000000001,0.5678576620824405,1312.9655707898307,745.5775594234503,F,New York,33
18179,1.0,39.0,149.0,1027.4560000000001,0.5086679647925529,1233.00885413455,627.1921044038193,F,New York,6
18190,1.0,23.0,127.0,19.955,0.5298328648164691,1095.1492423233656,580.2460604617743,M,California,8
18193,0.0,0.0,269.0,0.0,0.26704202405672317,1265.5940519672886,337.96679727149444,F,California,31
18198,1.0,129.0,149.0,575.558,0.7745444225431974,1171.1741930689525,907.126439068087,F,Illinois,29
18202,0.0,0.0,23.0,0.0,0.8628131926702175,1265.5940519672886,1091.9712446023334,F,New Jersey,18
18212,0.0,0.0,108.0,0.0,0.4836868971169646,1265.5940519672886,612.1512600057442,F,California,37
18219,1.0,83.0,302.0,632.274,0.2653452244050778,1178.9348263025504,312.8247260442117,F,New York,32
18223,4.0,107.0,194.0,665.94475,1.4888504004547456,1032.9050279425762,1537.8410644840249,M,Washington DC,44
18225,1.0,78.0,334.0,94.017,0.2184027978906013,1105.2833846914227,241.39698367860052,F,New Jersey,28
18226,1.0,28.0,158.0,12.4,0.4260836019239622,1094.115467302563,466.1846592289952,F,New Jersey,40
18229,2.0,227.0,350.0,499.7905,0.6441214667107245,1081.2444605649948,696.4527678119705,M,New York,16
18230,1.0,55.0,257.0,17.193,0.2757820929625773,1094.7713089537485,301.9183228986451,F,California,36
18233,0.0,0.0,108.0,0.0,0.4836868971169646,1265.5940519672886,612.1512600057442,F,New Jersey,2
18239,2.0,301.0,335.0,1244.7935,0.8107781457608078,1260.5867975007077,1022.0562262481786,M,New York,20
18245,2.0,147.0,180.0,2893.197,1.2207716990236162,1657.4020263024818,2023.3094876144648,F,Washington DC,5
18250,0.0,0.0,18.0,0.0,0.9057090875275602,1265.5940519672886,1146.2600339876005,M,Illinois,15
18256,0.0,0.0,179.0,0.0,0.35581712472010896,1265.5940519672886,450.3200366338728,M,California,45
18259,0.0,0.0,270.0,0.0,0.26630574840265275,1265.5940519672886,337.03497118309457,F,California,5
18260,2.0,105.0,192.0,709.3705,0.9340178047050327,1131.696025155992,1057.0242370096112,M,New York,43
18269,1.0,76.0,270.0,16.283,0.3002191627630155,1094.6467907182846,328.63394303066525,M,Illinois,25
18277,0.0,0.0,69.0,0.0,0.6043197447257493,1265.5940519672886,764.8234744112985,F,Illinois,47
18283,1.0,73.0,155.0,4282.243,0.6074547870988386,1678.371858586247,1019.5350200301907,F,New Jersey,36
